created_at,repository_full_name,conclusion,updated_at,status,id,workflow_id
2025-10-31T09:22:54Z,pagopa/io-sign,success,2025-10-31T09:26:01Z,completed,18968260557,103684674
2025-10-23T14:25:54Z,pagopa/io-sign,success,2025-10-23T14:27:34Z,completed,18751709430,92098520
2025-10-23T12:57:07Z,pagopa/io-sign,success,2025-10-23T12:58:23Z,completed,18749094293,92098520
2025-10-23T08:04:42Z,pagopa/io-sign,success,2025-10-23T08:06:04Z,completed,18741735535,92098520
2025-10-23T14:18:44Z,pagopa/io-sign,success,2025-10-23T14:20:06Z,completed,18751483429,92098520
2025-10-28T09:48:44Z,pagopa/io-sign,success,2025-10-28T09:52:17Z,completed,18870696382,103684674
2025-10-23T09:20:49Z,pagopa/io-sign,success,2025-10-23T09:24:09Z,completed,18743708482,103684674
2025-11-07T15:01:09Z,pagopa/io-sign,success,2025-11-07T15:02:20Z,completed,19172226290,92098520
2025-11-07T15:01:13Z,pagopa/io-sign,success,2025-11-07T15:01:22Z,completed,19172227856,40651253
2025-10-31T09:22:50Z,pagopa/io-sign,success,2025-10-31T09:24:13Z,completed,18968258942,92098520
2025-10-23T23:12:48Z,pagopa/io-sign,success,2025-10-23T23:14:15Z,completed,18764502537,92098520
2025-10-28T09:48:43Z,pagopa/io-sign,success,2025-10-28T09:48:50Z,completed,18870696132,40651253
2025-10-23T10:34:05Z,pagopa/io-sign,failure,2025-10-23T10:36:09Z,completed,18745568284,72589191
2025-10-23T14:00:58Z,pagopa/io-sign,failure,2025-10-23T14:09:32Z,completed,18750935583,115510778
2025-10-22T16:10:24Z,pagopa/io-sign,failure,2025-10-22T16:13:46Z,completed,18722559349,103684674
2025-10-30T09:56:58Z,pagopa/io-sign,success,2025-10-31T10:34:16Z,completed,18936726157,103684674
2025-10-24T07:22:19Z,pagopa/io-sign,success,2025-10-24T07:23:36Z,completed,18772717092,92098520
2025-11-07T15:02:02Z,pagopa/io-sign,success,2025-11-07T15:02:12Z,completed,19172249915,40651253
2025-10-24T09:29:41Z,pagopa/io-sign,success,2025-10-24T09:31:01Z,completed,18775666431,92098520
2025-10-23T14:25:55Z,pagopa/io-sign,success,2025-10-23T14:43:13Z,completed,18751709894,115510778
2025-10-28T09:48:40Z,pagopa/io-sign,success,2025-10-28T09:49:55Z,completed,18870694617,92098520
2025-10-23T09:20:49Z,pagopa/io-sign,success,2025-10-23T09:21:04Z,completed,18743708250,40651253
2025-10-23T10:32:01Z,pagopa/io-sign,success,2025-10-23T10:33:24Z,completed,18745519238,42089354
2025-10-23T14:00:58Z,pagopa/io-sign,success,2025-10-23T14:02:15Z,completed,18750935338,42089354
2025-11-09T16:53:26Z,pagopa/io-sign,success,2025-11-09T16:54:36Z,completed,19211562383,92098520
2025-10-22T16:10:24Z,pagopa/io-sign,success,2025-10-22T16:10:37Z,completed,18722559034,40651253
2025-10-30T09:56:58Z,pagopa/io-sign,success,2025-10-30T09:57:06Z,completed,18936725936,40651253
2025-10-30T16:51:57Z,pagopa/io-sign,success,2025-10-30T16:54:48Z,completed,18948504468,103684674
2025-10-27T13:17:51Z,pagopa/io-sign,success,2025-10-27T15:07:04Z,completed,18842314546,115510778
2025-10-23T10:04:16Z,pagopa/io-sign,failure,2025-10-23T10:09:11Z,completed,18744813825,72589191
2025-10-24T08:30:14Z,pagopa/io-sign,success,2025-10-24T08:31:34Z,completed,18774252284,92098520
2025-10-23T14:25:55Z,pagopa/io-sign,success,2025-10-23T14:27:18Z,completed,18751709638,42089354
2025-10-27T09:33:03Z,pagopa/io-sign,success,2025-10-27T09:34:26Z,completed,18836257870,92098520
2025-10-22T16:10:20Z,pagopa/io-sign,success,2025-10-22T16:11:39Z,completed,18722557141,92098520
2025-11-07T15:01:51Z,pagopa/io-sign,success,2025-11-07T15:05:25Z,completed,19172244944,41593513
2025-10-23T14:00:57Z,pagopa/io-sign,success,2025-10-23T14:02:13Z,completed,18750934908,92098520
2025-10-27T11:33:47Z,pagopa/io-sign,cancelled,2025-10-27T11:44:03Z,completed,18839533972,115510778
2025-10-23T10:32:01Z,pagopa/io-sign,success,2025-10-23T10:33:18Z,completed,18745518839,92098520
2025-10-29T10:47:59Z,pagopa/io-sign,success,2025-10-29T10:57:28Z,completed,18905292592,115510778
2025-10-23T09:20:46Z,pagopa/io-sign,success,2025-10-23T09:22:03Z,completed,18743706895,92098520
2025-10-24T07:22:22Z,pagopa/io-sign,success,2025-10-24T07:26:03Z,completed,18772718893,103684674
2025-10-24T08:30:15Z,pagopa/io-sign,success,2025-10-24T08:40:01Z,completed,18774252718,115510778
2025-10-30T16:51:57Z,pagopa/io-sign,success,2025-10-30T16:52:08Z,completed,18948504294,40651253
2025-10-24T09:31:07Z,pagopa/io-sign,success,2025-10-24T09:34:32Z,completed,18775700642,103684674
2025-10-30T09:56:55Z,pagopa/io-sign,success,2025-10-30T09:58:11Z,completed,18936724952,92098520
2025-10-23T12:57:11Z,pagopa/io-sign,success,2025-10-23T13:00:25Z,completed,18749096111,103684674
2025-10-27T09:33:04Z,pagopa/io-sign,cancelled,2025-10-27T11:32:41Z,completed,18836258401,115510778
2025-10-24T07:22:22Z,pagopa/io-sign,success,2025-10-24T07:22:35Z,completed,18772718648,40651253
2025-10-23T10:30:34Z,pagopa/io-sign,success,2025-10-23T10:30:51Z,completed,18745483574,40651253
2025-10-22T15:43:11Z,pagopa/io-sign,success,2025-10-22T16:18:31Z,completed,18721828731,115510778
2025-11-02T09:51:24Z,pagopa/io-sign,success,2025-11-02T09:52:43Z,completed,19009944369,92098520
2025-10-24T08:30:14Z,pagopa/io-sign,success,2025-10-24T08:31:39Z,completed,18774252569,42089354
2025-10-22T15:38:13Z,pagopa/io-sign,success,2025-10-22T15:38:30Z,completed,18721681305,40651253
2025-11-07T15:02:02Z,pagopa/io-sign,success,2025-11-07T15:02:20Z,completed,19172249956,61707433
2025-10-23T08:40:13Z,pagopa/io-sign,success,2025-10-23T09:01:51Z,completed,18742648015,115510778
2025-10-29T10:12:46Z,pagopa/io-sign,success,2025-10-29T10:15:46Z,completed,18904351484,103684674
2025-10-23T10:30:30Z,pagopa/io-sign,success,2025-10-23T10:31:48Z,completed,18745482043,92098520
2025-10-23T09:34:39Z,pagopa/io-sign,failure,2025-10-23T10:11:47Z,completed,18744075235,115510778
2025-10-23T10:26:59Z,pagopa/io-sign,failure,2025-10-23T10:29:06Z,completed,18745393383,72589191
2025-10-22T15:38:10Z,pagopa/io-sign,success,2025-10-22T15:39:34Z,completed,18721679928,92098520
2025-11-07T15:02:02Z,pagopa/io-sign,success,2025-11-07T15:02:20Z,completed,19172249922,61707437
2025-10-22T15:43:09Z,pagopa/io-sign,success,2025-10-22T15:44:29Z,completed,18721828122,92098520
2025-11-07T15:02:02Z,pagopa/io-sign,success,2025-11-07T15:02:21Z,completed,19172249931,61707435
2025-10-23T08:34:30Z,pagopa/io-sign,success,2025-10-23T08:35:52Z,completed,18742507998,92098520
2025-10-23T08:40:13Z,pagopa/io-sign,success,2025-10-23T08:41:55Z,completed,18742647888,42089354
2025-10-22T15:20:57Z,pagopa/io-sign,success,2025-10-22T15:24:09Z,completed,18721165694,103684674
2025-10-23T09:34:39Z,pagopa/io-sign,success,2025-10-23T09:36:05Z,completed,18744075064,42089354
2025-10-23T14:18:48Z,pagopa/io-sign,success,2025-10-23T14:22:21Z,completed,18751485240,103684674
2025-10-22T15:38:14Z,pagopa/io-sign,success,2025-10-22T15:42:14Z,completed,18721681565,103684674
2025-10-31T09:43:49Z,pagopa/io-sign,success,2025-10-31T09:45:05Z,completed,18968750993,42089354
2025-10-23T08:28:55Z,pagopa/io-sign,success,2025-10-23T08:29:09Z,completed,18742365406,40651253
2025-10-31T10:37:50Z,pagopa/io-sign,success,2025-10-31T10:37:59Z,completed,18970023221,40651253
2025-10-23T08:28:54Z,pagopa/io-sign,success,2025-10-23T08:30:12Z,completed,18742364614,92098520
2025-10-23T08:40:12Z,pagopa/io-sign,success,2025-10-23T08:41:34Z,completed,18742647618,92098520
2025-10-22T15:43:10Z,pagopa/io-sign,success,2025-10-22T15:44:40Z,completed,18721828583,42089354
2025-10-22T15:20:56Z,pagopa/io-sign,success,2025-10-22T15:21:10Z,completed,18721165523,40651253
2025-10-23T08:28:56Z,pagopa/io-sign,success,2025-10-23T08:32:12Z,completed,18742365684,103684674
2025-10-23T09:34:38Z,pagopa/io-sign,success,2025-10-23T09:35:52Z,completed,18744074626,92098520
2025-11-07T15:01:48Z,pagopa/io-sign,success,2025-11-07T15:03:05Z,completed,19172243868,92098520
2025-10-30T16:51:52Z,pagopa/io-sign,success,2025-10-30T16:53:08Z,completed,18948502168,92098520
2025-10-22T15:20:55Z,pagopa/io-sign,success,2025-10-22T15:22:17Z,completed,18721164777,92098520
2025-10-24T10:33:11Z,pagopa/io-sign,success,2025-10-24T10:36:45Z,completed,18777158974,103684674
2025-10-23T08:34:32Z,pagopa/io-sign,success,2025-10-23T08:34:45Z,completed,18742508885,40651253
2025-10-31T10:37:47Z,pagopa/io-sign,success,2025-10-31T10:39:03Z,completed,18970022203,92098520
2025-10-23T12:57:11Z,pagopa/io-sign,success,2025-10-23T12:57:26Z,completed,18749095929,40651253
2025-10-27T09:33:03Z,pagopa/io-sign,success,2025-10-27T09:34:32Z,completed,18836258137,42089354
2025-10-23T08:04:44Z,pagopa/io-sign,success,2025-10-23T08:04:58Z,completed,18741736419,40651253
2025-10-27T08:29:07Z,pagopa/io-sign,success,2025-10-27T08:33:12Z,completed,18834567809,103684674
2025-10-22T15:17:03Z,pagopa/io-sign,success,2025-10-22T15:20:39Z,completed,18721050388,103684674
2025-10-31T09:43:49Z,pagopa/io-sign,success,2025-10-31T10:02:43Z,completed,18968751208,115510778
2025-10-24T09:31:07Z,pagopa/io-sign,success,2025-10-24T09:31:20Z,completed,18775700484,40651253
2025-10-31T09:43:47Z,pagopa/io-sign,success,2025-10-31T09:45:00Z,completed,18968750377,92098520
2025-10-23T08:04:45Z,pagopa/io-sign,success,2025-10-23T08:08:31Z,completed,18741736663,103684674
2025-10-23T08:34:33Z,pagopa/io-sign,success,2025-10-23T08:37:14Z,completed,18742509124,103684674
2025-10-31T10:37:50Z,pagopa/io-sign,success,2025-10-31T10:39:51Z,completed,18970023365,103684674
2025-11-07T15:02:00Z,pagopa/io-sign,success,2025-11-07T15:03:21Z,completed,19172248977,92098520
2025-10-23T14:18:47Z,pagopa/io-sign,success,2025-10-23T14:19:02Z,completed,18751484906,40651253
2025-11-07T15:01:51Z,pagopa/io-sign,success,2025-11-07T15:02:01Z,completed,19172245000,40651253
2025-10-31T09:22:53Z,pagopa/io-sign,success,2025-10-31T09:23:09Z,completed,18968260364,40651253
2025-10-31T09:31:49Z,pagopa/io-sign,success,2025-10-31T09:35:01Z,completed,18968475268,103684674
2025-10-22T15:17:03Z,pagopa/io-sign,success,2025-10-22T15:17:16Z,completed,18721050197,40651253
2025-10-20T09:27:24Z,pagopa/io-sign,success,2025-10-22T13:48:36Z,completed,18647875856,115510778
2025-10-22T15:04:12Z,pagopa/io-sign,success,2025-10-22T15:04:25Z,completed,18720652771,40651253
2025-10-22T15:17:01Z,pagopa/io-sign,success,2025-10-22T15:18:21Z,completed,18721049329,92098520
2025-10-10T12:23:43Z,pagopa/io-sign,success,2025-10-10T12:24:55Z,completed,18406395934,92098520
2025-10-22T15:04:12Z,pagopa/io-sign,success,2025-10-22T15:07:24Z,completed,18720653022,103684674
2025-10-17T08:09:31Z,pagopa/io-sign,success,2025-10-17T08:09:48Z,completed,18586627006,40651253
2025-10-20T09:18:29Z,pagopa/io-sign,success,2025-10-20T09:18:44Z,completed,18647680158,40651253
2025-10-16T07:41:00Z,pagopa/io-sign,success,2025-10-16T07:41:09Z,completed,18554008205,40651253
2025-10-20T07:23:36Z,pagopa/io-sign,failure,2025-10-20T07:27:23Z,completed,18645256559,103684674
2025-10-20T09:27:24Z,pagopa/io-sign,success,2025-10-20T09:28:47Z,completed,18647875604,92098520
2025-10-16T14:39:25Z,pagopa/io-sign,success,2025-10-16T14:42:26Z,completed,18565043886,103684674
2025-10-22T15:04:06Z,pagopa/io-sign,success,2025-10-22T15:05:33Z,completed,18720649810,92098520
2025-10-15T08:33:39Z,pagopa/io-sign,success,2025-10-15T08:34:55Z,completed,18522836246,92098520
2025-10-14T16:00:08Z,pagopa/io-sign,failure,2025-10-14T16:03:43Z,completed,18502583772,42089354
2025-10-20T09:18:30Z,pagopa/io-sign,success,2025-10-20T09:22:10Z,completed,18647680304,103684674
2025-10-16T14:39:24Z,pagopa/io-sign,success,2025-10-16T14:39:45Z,completed,18565043591,40651253
2025-10-20T07:23:36Z,pagopa/io-sign,success,2025-10-20T07:23:51Z,completed,18645256323,40651253
2025-10-20T07:30:54Z,pagopa/io-sign,success,2025-10-20T07:31:08Z,completed,18645412926,40651253
2025-10-20T09:27:24Z,pagopa/io-sign,success,2025-10-20T09:28:47Z,completed,18647875751,42089354
2025-10-15T10:56:08Z,pagopa/io-sign,success,2025-10-15T10:58:50Z,completed,18526516267,103684674
2025-10-15T15:23:03Z,pagopa/io-sign,success,2025-10-15T15:24:18Z,completed,18533987128,92098520
2025-10-17T08:09:28Z,pagopa/io-sign,success,2025-10-17T08:10:42Z,completed,18586626015,92098520
2025-10-22T14:43:40Z,pagopa/io-sign,success,2025-10-22T14:45:01Z,completed,18720051349,42089354
2025-10-20T07:30:54Z,pagopa/io-sign,success,2025-10-20T07:33:58Z,completed,18645413150,103684674
2025-10-14T16:00:08Z,pagopa/io-sign,success,2025-10-14T16:01:42Z,completed,18502583385,92098520
2025-10-20T07:23:33Z,pagopa/io-sign,success,2025-10-20T07:25:08Z,completed,18645255456,92098520
2025-10-20T07:30:50Z,pagopa/io-sign,success,2025-10-20T07:32:06Z,completed,18645411622,92098520
2025-10-16T08:16:37Z,pagopa/io-sign,success,2025-10-16T08:17:54Z,completed,18554863820,92098520
2025-10-16T08:16:42Z,pagopa/io-sign,success,2025-10-16T08:20:11Z,completed,18554865789,103684674
2025-10-16T07:40:58Z,pagopa/io-sign,success,2025-10-16T07:42:17Z,completed,18554007654,92098520
2025-10-14T15:46:46Z,pagopa/io-sign,success,2025-10-14T15:46:55Z,completed,18502238344,40651253
2025-10-15T10:56:08Z,pagopa/io-sign,success,2025-10-15T10:56:18Z,completed,18526516087,40651253
2025-10-20T09:18:26Z,pagopa/io-sign,success,2025-10-20T09:19:52Z,completed,18647679277,92098520
2025-10-16T21:04:20Z,pagopa/io-sign,success,2025-10-16T21:05:39Z,completed,18574735664,92098520
2025-10-16T14:39:20Z,pagopa/io-sign,success,2025-10-16T14:40:34Z,completed,18565041930,92098520
2025-10-17T15:42:25Z,pagopa/io-sign,success,2025-10-17T15:45:43Z,completed,18597702616,103684674
2025-10-15T10:49:16Z,pagopa/io-sign,success,2025-10-15T10:49:25Z,completed,18526355983,40651253
2025-10-16T07:40:19Z,pagopa/io-sign,success,2025-10-16T07:41:40Z,completed,18553991409,42089354
2025-10-16T08:16:41Z,pagopa/io-sign,success,2025-10-16T08:16:56Z,completed,18554865488,40651253
2025-10-17T08:26:32Z,pagopa/io-sign,success,2025-10-17T08:28:02Z,completed,18587055502,42089354
2025-10-15T10:49:13Z,pagopa/io-sign,success,2025-10-15T10:50:24Z,completed,18526354638,92098520
2025-10-16T15:40:46Z,pagopa/io-sign,success,2025-10-16T15:42:08Z,completed,18566818431,42089354
2025-10-16T07:58:30Z,pagopa/io-sign,cancelled,2025-10-16T14:49:58Z,completed,18554397445,115510778
2025-10-17T08:26:31Z,pagopa/io-sign,success,2025-10-17T08:27:47Z,completed,18587055078,92098520
2025-10-16T07:40:18Z,pagopa/io-sign,success,2025-10-16T07:41:25Z,completed,18553991000,92098520
2025-10-16T15:14:10Z,pagopa/io-sign,success,2025-10-16T15:15:24Z,completed,18566055039,92098520
2025-10-14T15:46:42Z,pagopa/io-sign,success,2025-10-14T15:47:56Z,completed,18502236996,92098520
2025-10-15T08:33:42Z,pagopa/io-sign,success,2025-10-15T08:36:45Z,completed,18522837458,103684674
2025-10-22T14:43:39Z,pagopa/io-sign,success,2025-10-22T14:45:02Z,completed,18720050955,92098520
2025-10-16T14:45:10Z,pagopa/io-sign,cancelled,2025-10-16T15:53:14Z,completed,18565210820,115510778
2025-10-16T07:41:00Z,pagopa/io-sign,success,2025-10-16T07:43:40Z,completed,18554008404,103684674
2025-10-15T10:56:05Z,pagopa/io-sign,success,2025-10-15T10:57:22Z,completed,18526515167,92098520
2025-10-16T07:58:29Z,pagopa/io-sign,success,2025-10-16T07:59:46Z,completed,18554397094,92098520
2025-10-16T07:35:17Z,pagopa/io-sign,success,2025-10-16T07:35:26Z,completed,18553872005,40651253
2025-10-17T08:11:40Z,pagopa/io-sign,success,2025-10-17T08:11:48Z,completed,18586681705,40651253
2025-10-16T15:40:46Z,pagopa/io-sign,success,2025-10-16T15:42:08Z,completed,18566818180,92098520
2025-10-15T08:33:41Z,pagopa/io-sign,success,2025-10-15T08:33:51Z,completed,18522837037,40651253
2025-10-14T15:33:59Z,pagopa/io-sign,success,2025-10-14T15:34:08Z,completed,18501880269,40651253
2025-10-16T14:45:09Z,pagopa/io-sign,success,2025-10-16T14:46:25Z,completed,18565210219,92098520
2025-10-16T14:45:10Z,pagopa/io-sign,success,2025-10-16T14:46:28Z,completed,18565210539,42089354
2025-10-16T07:58:30Z,pagopa/io-sign,success,2025-10-16T07:59:48Z,completed,18554397277,42089354
2025-10-15T10:54:56Z,pagopa/io-sign,success,2025-10-15T10:57:26Z,completed,18526490290,42089354
2025-10-16T15:14:15Z,pagopa/io-sign,success,2025-10-16T15:14:25Z,completed,18566057424,40651253
2025-10-17T08:11:39Z,pagopa/io-sign,success,2025-10-17T08:13:10Z,completed,18586680990,92098520
2025-10-16T07:35:15Z,pagopa/io-sign,success,2025-10-16T07:36:28Z,completed,18553870795,92098520
2025-10-10T13:49:46Z,pagopa/io-sign,success,2025-10-10T13:52:57Z,completed,18408549194,103684674
2025-10-14T04:57:34Z,pagopa/io-sign,success,2025-10-14T04:58:45Z,completed,18485941579,92098520
2025-10-14T08:15:49Z,pagopa/io-sign,success,2025-10-14T08:15:59Z,completed,18490036469,40651253
2025-10-22T10:17:13Z,pagopa/io-sign,success,2025-10-22T10:18:36Z,completed,18712970698,92098520
2025-10-22T14:01:02Z,pagopa/io-sign,success,2025-10-22T14:27:19Z,completed,18718761977,115510778
2025-10-15T10:54:55Z,pagopa/io-sign,success,2025-10-15T10:56:06Z,completed,18526489904,92098520
2025-10-15T15:28:55Z,pagopa/io-sign,success,2025-10-15T15:29:03Z,completed,18534161981,40651253
2025-10-14T04:57:36Z,pagopa/io-sign,success,2025-10-14T05:01:04Z,completed,18485941933,41593513
2025-10-14T15:33:56Z,pagopa/io-sign,success,2025-10-14T15:35:13Z,completed,18501878981,92098520
2025-10-10T13:34:27Z,pagopa/io-sign,success,2025-10-10T13:37:14Z,completed,18408158357,103684674
2025-10-14T04:57:36Z,pagopa/io-sign,success,2025-10-14T04:57:46Z,completed,18485941924,40651253
2025-10-14T08:15:50Z,pagopa/io-sign,success,2025-10-14T08:19:10Z,completed,18490036900,103684674
2025-10-22T14:01:02Z,pagopa/io-sign,success,2025-10-22T14:02:33Z,completed,18718761836,42089354
2025-10-22T07:30:04Z,pagopa/io-sign,success,2025-10-22T07:33:45Z,completed,18708763216,103684674
2025-10-10T12:23:49Z,pagopa/io-sign,failure,2025-10-10T13:01:37Z,completed,18406398693,103684674
2025-10-14T08:15:44Z,pagopa/io-sign,success,2025-10-14T08:17:01Z,completed,18490034392,92098520
2025-10-15T15:28:53Z,pagopa/io-sign,success,2025-10-15T15:30:15Z,completed,18534161058,92098520
2025-10-22T13:08:29Z,pagopa/io-sign,success,2025-10-22T13:08:44Z,completed,18717217141,40651253
2025-10-10T12:23:47Z,pagopa/io-sign,cancelled,2025-10-10T12:24:36Z,completed,18406397594,103684674
2025-10-10T13:34:26Z,pagopa/io-sign,success,2025-10-10T13:34:33Z,completed,18408157988,40651253
2025-10-15T15:23:06Z,pagopa/io-sign,success,2025-10-15T15:23:17Z,completed,18533988719,40651253
2025-10-22T13:08:26Z,pagopa/io-sign,success,2025-10-22T13:09:52Z,completed,18717215699,92098520
2025-10-17T15:42:24Z,pagopa/io-sign,success,2025-10-17T15:42:40Z,completed,18597702402,40651253
2025-10-21T15:21:33Z,pagopa/io-sign,success,2025-10-21T15:25:34Z,completed,18688889222,103684674
2025-10-10T12:23:46Z,pagopa/io-sign,success,2025-10-10T12:23:54Z,completed,18406397357,40651253
2025-10-10T13:34:23Z,pagopa/io-sign,success,2025-10-10T13:35:38Z,completed,18408156840,92098520
2025-10-22T13:51:36Z,pagopa/io-sign,failure,2025-10-22T13:56:51Z,completed,18718480138,198677238
2025-10-21T15:21:30Z,pagopa/io-sign,success,2025-10-21T15:24:04Z,completed,18688887620,92098520
2025-10-21T15:21:33Z,pagopa/io-sign,success,2025-10-21T15:21:52Z,completed,18688888974,40651253
2025-10-20T09:52:54Z,pagopa/io-sign,success,2025-10-20T09:53:12Z,completed,18648433292,40651253
2025-10-17T15:42:20Z,pagopa/io-sign,success,2025-10-17T15:43:38Z,completed,18597701188,92098520
2025-10-20T09:52:51Z,pagopa/io-sign,success,2025-10-20T09:54:21Z,completed,18648432507,92098520
2025-10-22T14:01:01Z,pagopa/io-sign,success,2025-10-22T14:02:52Z,completed,18718761166,92098520
2025-10-22T10:17:15Z,pagopa/io-sign,success,2025-10-22T10:17:30Z,completed,18712971809,40651253
2025-10-09T15:54:30Z,pagopa/io-sign,success,2025-10-09T15:56:42Z,completed,18381408427,92098520
2025-10-01T15:07:12Z,pagopa/io-sign,success,2025-10-01T15:07:19Z,completed,18166618478,40651253
2025-06-18T12:18:14Z,pagopa/io-sign,success,2025-06-18T12:20:40Z,completed,15732599025,41593513
2025-10-02T19:25:12Z,pagopa/io-sign,success,2025-10-02T19:26:24Z,completed,18203425929,92098520
2025-09-25T04:57:04Z,pagopa/io-sign,success,2025-09-25T04:58:26Z,completed,17997346198,92098520
2025-08-21T15:03:54Z,pagopa/io-sign,success,2025-08-21T15:05:21Z,completed,17130872068,92098520
2025-09-08T04:58:43Z,pagopa/io-sign,success,2025-09-08T04:58:59Z,completed,17540184120,61707433
2025-10-01T15:07:12Z,pagopa/io-sign,success,2025-10-01T15:10:44Z,completed,18166618460,41593513
2025-08-15T04:55:34Z,pagopa/io-sign,success,2025-08-15T04:55:42Z,completed,16983257787,40651253
2025-09-11T04:55:33Z,pagopa/io-sign,success,2025-09-11T04:55:42Z,completed,17634423514,40651253
2025-09-15T04:59:52Z,pagopa/io-sign,success,2025-09-15T05:03:27Z,completed,17722578233,41593513
2025-09-25T04:57:07Z,pagopa/io-sign,success,2025-09-25T04:57:31Z,completed,17997346815,61707433
2025-09-12T04:56:23Z,pagopa/io-sign,success,2025-09-12T04:59:52Z,completed,17664965101,41593513
2025-09-08T04:58:41Z,pagopa/io-sign,success,2025-09-08T04:59:53Z,completed,17540183485,92098520
2025-09-11T04:55:31Z,pagopa/io-sign,success,2025-09-11T04:56:49Z,completed,17634423094,92098520
2025-09-12T04:56:21Z,pagopa/io-sign,success,2025-09-12T04:57:51Z,completed,17664964632,92098520
2025-08-01T05:00:20Z,pagopa/io-sign,success,2025-08-01T05:00:35Z,completed,16666729179,61707435
2025-08-01T05:00:20Z,pagopa/io-sign,success,2025-08-01T05:00:30Z,completed,16666729177,40651253
2025-09-19T07:45:49Z,pagopa/io-sign,success,2025-09-19T07:47:05Z,completed,17852015287,92098520
2025-09-25T04:57:07Z,pagopa/io-sign,success,2025-09-25T04:57:24Z,completed,17997346814,61707435
2025-09-08T04:58:43Z,pagopa/io-sign,success,2025-09-08T04:59:00Z,completed,17540184114,61707435
2025-09-15T04:59:49Z,pagopa/io-sign,success,2025-09-15T05:01:09Z,completed,17722577616,92098520
2025-08-05T09:03:09Z,pagopa/io-sign,success,2025-08-05T09:20:54Z,completed,16745586688,40651253
2025-09-01T04:56:34Z,pagopa/io-sign,success,2025-09-01T04:56:41Z,completed,17368000684,40651253
2025-09-08T04:58:43Z,pagopa/io-sign,success,2025-09-08T04:58:59Z,completed,17540184149,61707437
2025-08-01T05:00:18Z,pagopa/io-sign,success,2025-08-01T05:01:51Z,completed,16666728834,92098520
2025-09-11T15:03:23Z,pagopa/io-sign,success,2025-09-11T15:04:32Z,completed,17648764609,92098520
2025-09-15T04:59:52Z,pagopa/io-sign,success,2025-09-15T05:00:01Z,completed,17722578246,40651253
2025-09-25T04:57:07Z,pagopa/io-sign,success,2025-09-25T04:57:26Z,completed,17997346811,61707437
2025-08-05T09:03:06Z,pagopa/io-sign,success,2025-08-05T09:21:28Z,completed,16745585784,92098520
2025-08-15T04:55:34Z,pagopa/io-sign,success,2025-08-15T04:55:52Z,completed,16983257785,61707433
2025-08-05T08:59:04Z,pagopa/io-sign,success,2025-08-05T09:15:27Z,completed,16745490643,40651253
2025-09-08T04:58:43Z,pagopa/io-sign,success,2025-09-08T04:58:53Z,completed,17540184146,40651253
2025-07-31T15:03:09Z,pagopa/io-sign,success,2025-07-31T15:04:39Z,completed,16652669162,92098520
2025-08-05T09:03:45Z,pagopa/io-sign,success,2025-08-05T09:20:14Z,completed,16745600118,40651253
2025-08-05T08:58:54Z,pagopa/io-sign,success,2025-08-05T09:13:59Z,completed,16745487074,40651253
2025-09-15T04:55:29Z,pagopa/io-sign,success,2025-09-15T04:55:40Z,completed,17722525144,40651253
2025-09-12T04:56:23Z,pagopa/io-sign,success,2025-09-12T04:56:33Z,completed,17664965106,40651253
2025-09-04T15:02:53Z,pagopa/io-sign,success,2025-09-04T15:04:03Z,completed,17468177462,92098520
2025-08-05T09:03:43Z,pagopa/io-sign,success,2025-08-05T09:21:59Z,completed,16745599255,92098520
2025-08-05T09:02:50Z,pagopa/io-sign,success,2025-08-05T09:20:17Z,completed,16745579601,40651253
2025-09-25T04:57:07Z,pagopa/io-sign,success,2025-09-25T04:57:14Z,completed,17997346822,40651253
2025-07-24T15:03:01Z,pagopa/io-sign,success,2025-07-24T15:04:21Z,completed,16500538319,92098520
2025-08-05T09:03:27Z,pagopa/io-sign,success,2025-08-05T09:28:44Z,completed,16745593212,92098520
2025-08-15T04:55:34Z,pagopa/io-sign,success,2025-08-15T04:55:51Z,completed,16983257782,61707435
2025-08-05T08:59:02Z,pagopa/io-sign,success,2025-08-05T09:16:35Z,completed,16745489842,40651253
2025-08-05T08:58:53Z,pagopa/io-sign,success,2025-08-05T09:16:09Z,completed,16745486611,40651253
2025-08-05T09:03:21Z,pagopa/io-sign,success,2025-08-05T09:20:00Z,completed,16745591386,40651253
2025-08-05T09:02:48Z,pagopa/io-sign,success,2025-08-05T09:24:49Z,completed,16745578537,92098520
2025-07-17T15:02:21Z,pagopa/io-sign,success,2025-07-17T15:03:40Z,completed,16348705927,92098520
2025-08-05T09:03:30Z,pagopa/io-sign,success,2025-08-05T09:23:55Z,completed,16745594200,41593513
2025-08-01T05:00:20Z,pagopa/io-sign,success,2025-08-01T05:00:35Z,completed,16666729189,61707437
2025-08-07T15:03:10Z,pagopa/io-sign,success,2025-08-07T15:04:47Z,completed,16808246203,92098520
2025-10-01T15:07:07Z,pagopa/io-sign,success,2025-10-01T15:08:22Z,completed,18166616315,92098520
2025-08-05T08:58:59Z,pagopa/io-sign,success,2025-08-05T09:14:17Z,completed,16745488931,40651253
2025-08-05T09:02:29Z,pagopa/io-sign,success,2025-08-05T09:18:57Z,completed,16745571564,40651253
2025-07-10T15:02:42Z,pagopa/io-sign,success,2025-07-10T15:04:11Z,completed,16198716124,92098520
2025-09-26T09:03:34Z,pagopa/io-sign,success,2025-09-26T09:04:48Z,completed,18033181148,92098520
2025-08-05T09:03:45Z,pagopa/io-sign,success,2025-08-05T09:27:36Z,completed,16745600120,41593513
2025-08-05T08:58:56Z,pagopa/io-sign,success,2025-08-05T09:13:02Z,completed,16745487834,40651253
2025-08-14T15:02:53Z,pagopa/io-sign,success,2025-08-14T15:04:12Z,completed,16968951688,92098520
2025-08-05T09:03:21Z,pagopa/io-sign,success,2025-08-05T09:29:27Z,completed,16745591373,41593513
2025-08-05T09:03:19Z,pagopa/io-sign,success,2025-08-05T09:22:01Z,completed,16745590507,92098520
2025-08-05T09:02:27Z,pagopa/io-sign,success,2025-08-05T09:27:06Z,completed,16745570735,92098520
2025-06-24T10:10:02Z,pagopa/io-sign,success,2025-06-24T10:11:28Z,completed,15847596395,92098520
2025-08-01T05:00:20Z,pagopa/io-sign,success,2025-08-01T05:00:41Z,completed,16666729180,61707433
2025-06-24T10:08:42Z,pagopa/io-sign,success,2025-06-24T10:10:07Z,completed,15847565692,42089354
2025-06-19T15:02:34Z,pagopa/io-sign,success,2025-06-19T15:03:54Z,completed,15760929316,92098520
2025-08-15T04:55:34Z,pagopa/io-sign,success,2025-08-15T04:55:50Z,completed,16983257778,61707437
2025-08-05T09:02:11Z,pagopa/io-sign,success,2025-08-05T09:20:23Z,completed,16745564765,92098520
2025-08-05T08:59:05Z,pagopa/io-sign,success,2025-08-05T09:17:52Z,completed,16745491078,40651253
2025-08-05T09:02:13Z,pagopa/io-sign,success,2025-08-05T09:17:27Z,completed,16745565776,40651253
2025-06-18T12:29:38Z,pagopa/io-sign,success,2025-06-18T12:35:25Z,completed,15732843252,73563073
2025-06-18T12:24:27Z,pagopa/io-sign,success,2025-06-18T12:25:55Z,completed,15732732353,92098520
2025-06-24T10:08:42Z,pagopa/io-sign,success,2025-06-24T10:11:02Z,completed,15847565669,41593513
2025-08-15T04:55:31Z,pagopa/io-sign,success,2025-08-15T04:56:47Z,completed,16983257463,92098520
2025-06-24T10:32:09Z,pagopa/io-sign,success,2025-06-24T10:37:13Z,completed,15848059205,73563073
2025-06-18T12:24:27Z,pagopa/io-sign,success,2025-06-18T12:26:54Z,completed,15732732453,41593513
2025-07-03T15:02:59Z,pagopa/io-sign,success,2025-07-03T15:04:25Z,completed,16053966241,92098520
2025-06-24T09:52:17Z,pagopa/io-sign,success,2025-06-24T09:54:36Z,completed,15847206019,41593513
2025-06-24T09:52:15Z,pagopa/io-sign,success,2025-06-24T09:53:43Z,completed,15847205462,92098520
2025-06-18T12:18:14Z,pagopa/io-sign,success,2025-06-18T12:19:36Z,completed,15732599033,42089354
2025-09-01T04:56:32Z,pagopa/io-sign,success,2025-09-01T04:57:56Z,completed,17368000223,92098520
2025-06-26T15:02:30Z,pagopa/io-sign,success,2025-06-26T15:03:55Z,completed,15905442627,92098520
2025-06-25T04:55:09Z,pagopa/io-sign,success,2025-06-25T04:56:34Z,completed,15867685839,92098520
2025-06-24T09:52:17Z,pagopa/io-sign,success,2025-06-24T09:52:31Z,completed,15847206005,40651253
2025-06-18T12:24:27Z,pagopa/io-sign,success,2025-06-18T12:25:49Z,completed,15732732456,42089354
2025-06-24T10:25:00Z,pagopa/io-sign,success,2025-06-24T10:30:45Z,completed,15847909697,72589191
2025-08-05T09:03:30Z,pagopa/io-sign,success,2025-08-05T09:25:34Z,completed,16745594178,40651253
2025-06-24T10:08:41Z,pagopa/io-sign,success,2025-06-24T10:10:37Z,completed,15847565479,92098520
2025-06-24T10:38:03Z,pagopa/io-sign,success,2025-06-24T10:42:16Z,completed,15848175757,73563074
2025-06-24T10:12:17Z,pagopa/io-sign,success,2025-06-24T10:13:39Z,completed,15847645204,92098520
2025-08-28T15:03:27Z,pagopa/io-sign,success,2025-08-28T15:04:43Z,completed,17299871161,92098520
2025-06-24T10:42:38Z,pagopa/io-sign,success,2025-06-24T10:49:52Z,completed,15848269317,73563075
2025-06-18T12:19:34Z,pagopa/io-sign,success,2025-06-18T12:20:56Z,completed,15732627077,92098520
2025-06-24T10:12:18Z,pagopa/io-sign,success,2025-06-24T10:14:33Z,completed,15847645436,41593513
2025-06-24T10:12:18Z,pagopa/io-sign,success,2025-06-24T10:13:54Z,completed,15847645422,42089354
2025-06-24T10:17:26Z,pagopa/io-sign,success,2025-06-24T10:24:31Z,completed,15847752160,72139886
2025-06-25T04:55:11Z,pagopa/io-sign,success,2025-06-25T04:55:17Z,completed,15867686615,40651253
2025-09-01T04:56:34Z,pagopa/io-sign,success,2025-09-01T05:00:01Z,completed,17368000679,41593513
2025-06-18T10:55:21Z,pagopa/io-sign,success,2025-06-18T10:56:44Z,completed,15730941927,92098520
2025-06-16T04:57:18Z,pagopa/io-sign,success,2025-06-16T05:00:09Z,completed,15672196331,41593513
2025-06-18T10:55:23Z,pagopa/io-sign,success,2025-06-18T10:57:49Z,completed,15730942882,41593513
2025-06-18T10:30:20Z,pagopa/io-sign,cancelled,2025-06-18T10:34:24Z,completed,15730449591,73563073
2025-05-28T09:23:27Z,pagopa/io-sign,success,2025-05-28T09:23:42Z,completed,15296492536,40651253
2025-06-18T09:31:16Z,pagopa/io-sign,success,2025-06-18T09:36:04Z,completed,15729201649,73563074
2025-06-18T12:18:13Z,pagopa/io-sign,success,2025-06-18T12:20:07Z,completed,15732598815,92098520
2025-05-28T08:00:49Z,pagopa/io-sign,success,2025-05-28T08:01:07Z,completed,15294764792,40651253
2025-06-18T10:55:23Z,pagopa/io-sign,success,2025-06-18T10:55:34Z,completed,15730942859,40651253
2025-06-03T14:36:44Z,pagopa/io-sign,success,2025-06-03T14:42:01Z,completed,15420293023,103684674
2025-06-18T09:47:35Z,pagopa/io-sign,success,2025-06-18T09:49:00Z,completed,15729550158,92098520
2025-06-18T10:25:48Z,pagopa/io-sign,success,2025-06-18T10:26:02Z,completed,15730358331,40651253
2025-05-29T14:35:29Z,pagopa/io-sign,success,2025-05-29T14:37:37Z,completed,15326332865,103684674
2025-06-18T09:08:48Z,pagopa/io-sign,success,2025-06-18T09:14:38Z,completed,15728709648,72139886
2025-05-28T09:23:27Z,pagopa/io-sign,success,2025-05-28T09:26:24Z,completed,15296492514,41593513
2025-06-18T09:38:30Z,pagopa/io-sign,success,2025-06-18T09:43:25Z,completed,15729362048,73563075
2025-05-29T14:35:29Z,pagopa/io-sign,success,2025-05-29T14:35:39Z,completed,15326332757,40651253
2025-06-18T09:47:37Z,pagopa/io-sign,success,2025-06-18T09:49:56Z,completed,15729550939,41593513
2025-06-11T09:38:18Z,pagopa/io-sign,success,2025-06-11T09:39:34Z,completed,15581428776,42089354
2025-05-30T13:20:35Z,pagopa/io-sign,success,2025-05-30T13:22:56Z,completed,15347710337,103684674
2025-06-16T04:57:18Z,pagopa/io-sign,success,2025-06-16T04:57:25Z,completed,15672196316,40651253
2025-06-18T10:25:48Z,pagopa/io-sign,success,2025-06-18T10:28:48Z,completed,15730358324,41593513
2025-06-18T10:25:46Z,pagopa/io-sign,success,2025-06-18T10:27:08Z,completed,15730357552,92098520
2025-05-28T09:23:24Z,pagopa/io-sign,success,2025-05-28T09:24:55Z,completed,15296491584,92098520
2025-06-16T04:57:15Z,pagopa/io-sign,success,2025-06-16T04:58:36Z,completed,15672195626,92098520
2025-05-28T09:30:22Z,pagopa/io-sign,success,2025-05-28T09:31:53Z,completed,15296639633,92098520
2025-06-18T09:47:37Z,pagopa/io-sign,success,2025-06-18T09:47:50Z,completed,15729550954,40651253
2025-05-30T13:20:34Z,pagopa/io-sign,success,2025-05-30T13:20:45Z,completed,15347710222,40651253
2025-05-28T09:26:26Z,pagopa/io-sign,success,2025-05-28T09:29:28Z,completed,15296556006,41593513
2025-05-28T09:30:24Z,pagopa/io-sign,success,2025-05-28T09:33:23Z,completed,15296640685,41593513
2025-05-28T08:38:42Z,pagopa/io-sign,success,2025-05-28T08:54:15Z,completed,15295540471,73563075
2025-06-03T08:13:24Z,pagopa/io-sign,success,2025-06-03T08:14:51Z,completed,15412067455,92098520
2025-05-28T08:26:53Z,pagopa/io-sign,success,2025-05-28T08:28:18Z,completed,15295295323,92098520
2025-05-30T13:20:34Z,pagopa/io-sign,success,2025-05-30T13:23:04Z,completed,15347710206,41593513
2025-05-28T09:28:09Z,pagopa/io-sign,success,2025-05-28T09:29:41Z,completed,15296593400,92098520
2025-06-11T13:23:02Z,pagopa/io-sign,success,2025-06-11T13:24:33Z,completed,15586089150,42089354
2025-06-12T15:02:30Z,pagopa/io-sign,success,2025-06-12T15:03:48Z,completed,15614143738,92098520
2025-05-28T08:15:22Z,pagopa/io-sign,success,2025-05-28T08:17:19Z,completed,15295062465,92098520
2025-06-18T09:18:43Z,pagopa/io-sign,success,2025-06-18T09:23:22Z,completed,15728926940,72589191
2025-05-28T09:33:14Z,pagopa/io-sign,success,2025-05-28T09:48:32Z,completed,15296699561,73563075
2025-05-29T14:35:26Z,pagopa/io-sign,success,2025-05-29T14:36:58Z,completed,15326331605,92098520
2025-06-03T14:36:44Z,pagopa/io-sign,success,2025-06-03T14:38:01Z,completed,15420292882,40651253
2025-05-28T08:34:18Z,pagopa/io-sign,success,2025-05-28T08:37:23Z,completed,15295452637,41593513
2025-05-30T13:20:33Z,pagopa/io-sign,success,2025-05-30T13:21:58Z,completed,15347709502,92098520
2025-06-12T13:42:41Z,pagopa/io-sign,success,2025-06-12T13:44:50Z,completed,15612228657,92098520
2025-06-12T04:52:45Z,pagopa/io-sign,success,2025-06-12T04:52:51Z,completed,15601920788,40651253
2025-05-28T08:15:10Z,pagopa/io-sign,failure,2025-05-28T08:21:45Z,completed,15295058073,73563075
2025-06-11T13:23:02Z,pagopa/io-sign,success,2025-06-11T13:24:31Z,completed,15586088970,92098520
2025-05-28T09:30:24Z,pagopa/io-sign,success,2025-05-28T09:32:13Z,completed,15296640693,42089354
2025-06-03T14:36:44Z,pagopa/io-sign,success,2025-06-03T14:41:43Z,completed,15420292873,41593513
2025-05-29T14:35:29Z,pagopa/io-sign,success,2025-05-29T14:38:04Z,completed,15326332752,41593513
2025-06-18T09:28:24Z,pagopa/io-sign,failure,2025-06-18T09:30:44Z,completed,15729139735,73563073
2025-05-28T08:34:18Z,pagopa/io-sign,success,2025-05-28T08:36:00Z,completed,15295452625,42089354
2025-05-29T15:02:19Z,pagopa/io-sign,success,2025-05-29T15:03:47Z,completed,15326882754,92098520
2025-06-12T04:52:45Z,pagopa/io-sign,success,2025-06-12T04:55:45Z,completed,15601920786,41593513
2025-06-12T13:42:44Z,pagopa/io-sign,success,2025-06-12T13:45:07Z,completed,15612229980,41593513
2025-05-28T08:11:44Z,pagopa/io-sign,success,2025-05-28T08:14:40Z,completed,15294989724,41593513
2025-06-11T09:52:33Z,pagopa/io-sign,success,2025-06-11T09:52:40Z,completed,15581726917,40651253
2025-05-28T08:30:59Z,pagopa/io-sign,success,2025-05-28T08:32:27Z,completed,15295383881,92098520
2025-06-03T14:36:41Z,pagopa/io-sign,success,2025-06-03T14:40:41Z,completed,15420291753,92098520
2025-06-11T08:46:46Z,pagopa/io-sign,success,2025-06-11T08:58:44Z,completed,15580312495,115510778
2025-06-11T09:38:18Z,pagopa/io-sign,success,2025-06-11T09:39:41Z,completed,15581428727,92098520
2025-05-28T08:32:46Z,pagopa/io-sign,success,2025-05-28T08:34:15Z,completed,15295420472,92098520
2025-05-28T08:31:00Z,pagopa/io-sign,success,2025-05-28T08:33:54Z,completed,15295384097,41593513
2025-06-11T09:47:05Z,pagopa/io-sign,success,2025-06-11T09:47:18Z,completed,15581613510,40651253
2025-05-28T08:11:44Z,pagopa/io-sign,success,2025-05-28T08:13:33Z,completed,15294989714,42089354
2025-06-12T04:52:44Z,pagopa/io-sign,success,2025-06-12T04:54:06Z,completed,15601920311,92098520
2025-06-12T13:42:44Z,pagopa/io-sign,success,2025-06-12T13:43:05Z,completed,15612229979,40651253
2025-06-03T08:13:25Z,pagopa/io-sign,success,2025-06-03T08:13:36Z,completed,15412067827,40651253
2025-05-28T08:26:55Z,pagopa/io-sign,success,2025-05-28T08:30:00Z,completed,15295296240,41593513
2025-06-11T09:47:02Z,pagopa/io-sign,success,2025-06-11T09:48:32Z,completed,15581612211,92098520
2025-06-11T09:29:08Z,pagopa/io-sign,success,2025-06-11T09:29:16Z,completed,15581233198,40651253
2025-06-11T08:46:46Z,pagopa/io-sign,success,2025-06-11T08:49:13Z,completed,15580312409,42089354
2025-05-28T08:31:00Z,pagopa/io-sign,success,2025-05-28T08:32:51Z,completed,15295384104,42089354
2025-05-28T08:34:18Z,pagopa/io-sign,success,2025-05-28T08:35:45Z,completed,15295452426,92098520
2025-05-28T08:11:44Z,pagopa/io-sign,success,2025-05-28T08:13:09Z,completed,15294989675,92098520
2025-06-11T09:40:53Z,pagopa/io-sign,cancelled,2025-06-18T09:08:23Z,completed,15581483065,72139886
2025-06-11T09:52:31Z,pagopa/io-sign,success,2025-06-11T09:53:53Z,completed,15581726118,92098520
2025-06-11T09:12:58Z,pagopa/io-sign,success,2025-06-11T09:15:24Z,completed,15580887040,41593513
2025-06-03T08:13:25Z,pagopa/io-sign,success,2025-06-03T08:16:18Z,completed,15412067821,41593513
2025-05-28T08:26:55Z,pagopa/io-sign,success,2025-05-28T08:27:11Z,completed,15295296234,40651253
2025-05-28T09:26:25Z,pagopa/io-sign,success,2025-05-28T09:28:14Z,completed,15296556001,42089354
2025-06-11T08:46:46Z,pagopa/io-sign,success,2025-06-11T08:50:16Z,completed,15580312403,41593513
2025-05-28T08:08:09Z,pagopa/io-sign,success,2025-05-28T08:09:43Z,completed,15294915979,92098520
2025-06-11T09:12:58Z,pagopa/io-sign,success,2025-06-11T09:14:31Z,completed,15580887039,42089354
2025-06-11T09:47:05Z,pagopa/io-sign,failure,2025-06-11T09:47:22Z,completed,15581613543,41593513
2025-06-03T15:03:24Z,pagopa/io-sign,success,2025-06-03T15:13:54Z,completed,15420913804,40651253
2025-06-11T09:17:27Z,pagopa/io-sign,failure,2025-06-11T09:17:27Z,completed,15580982931,72139886
2025-06-11T09:29:05Z,pagopa/io-sign,success,2025-06-11T09:30:31Z,completed,15581232358,92098520
2025-06-11T08:46:45Z,pagopa/io-sign,success,2025-06-11T08:48:33Z,completed,15580312147,92098520
2025-05-28T08:05:17Z,pagopa/io-sign,success,2025-05-28T08:09:22Z,completed,15294856857,41593513
2025-06-05T15:01:56Z,pagopa/io-sign,success,2025-06-05T15:03:25Z,completed,15470472833,92098520
2025-06-11T09:12:58Z,pagopa/io-sign,success,2025-06-11T09:14:16Z,completed,15580886846,92098520
2025-05-28T08:05:16Z,pagopa/io-sign,success,2025-05-28T08:07:20Z,completed,15294856624,92098520
2025-06-03T15:03:24Z,pagopa/io-sign,success,2025-06-03T15:11:03Z,completed,15420913765,41593513
2025-05-28T08:00:49Z,pagopa/io-sign,success,2025-05-28T08:04:50Z,completed,15294764796,41593513
2025-05-28T09:26:25Z,pagopa/io-sign,success,2025-05-28T09:27:53Z,completed,15296555833,92098520
2025-05-28T08:05:17Z,pagopa/io-sign,success,2025-05-28T08:08:17Z,completed,15294856853,42089354
2025-06-03T15:03:20Z,pagopa/io-sign,success,2025-06-03T15:15:10Z,completed,15420911909,92098520
2025-06-11T08:49:09Z,pagopa/io-sign,success,2025-06-11T08:50:28Z,completed,15580362601,92098520
2025-05-26T15:34:46Z,pagopa/io-sign,success,2025-05-26T15:37:35Z,completed,15257616978,41593513
2025-05-28T07:59:01Z,pagopa/io-sign,success,2025-05-28T08:03:01Z,completed,15294731678,41593513
2025-05-20T15:43:13Z,pagopa/io-sign,success,2025-05-20T15:44:55Z,completed,15141963744,92098520
2025-05-21T10:19:35Z,pagopa/io-sign,cancelled,2025-05-21T10:19:44Z,completed,15159647845,103684674
2025-05-08T14:20:15Z,pagopa/io-sign,failure,2025-05-08T14:20:46Z,completed,14908776244,103684674
2025-05-28T07:59:01Z,pagopa/io-sign,success,2025-05-28T07:59:15Z,completed,15294731679,40651253
2025-05-28T08:00:46Z,pagopa/io-sign,success,2025-05-28T08:02:21Z,completed,15294763840,92098520
2025-05-26T15:34:41Z,pagopa/io-sign,success,2025-05-26T15:36:07Z,completed,15257615725,92098520
2025-04-14T04:52:28Z,pagopa/io-sign,success,2025-04-14T04:52:47Z,completed,14437738487,61707437
2025-05-28T07:58:16Z,pagopa/io-sign,success,2025-05-28T07:58:31Z,completed,15294719038,40651253
2025-05-20T15:44:56Z,pagopa/io-sign,success,2025-05-20T15:47:46Z,completed,15142000099,41593513
2025-05-20T15:44:18Z,pagopa/io-sign,success,2025-05-20T15:46:45Z,completed,15141986686,103684674
2025-05-28T07:58:59Z,pagopa/io-sign,success,2025-05-28T08:00:39Z,completed,15294731050,92098520
2025-05-22T15:02:26Z,pagopa/io-sign,success,2025-05-22T15:04:13Z,completed,15190074061,92098520
2025-05-20T15:33:05Z,pagopa/io-sign,success,2025-05-20T15:35:50Z,completed,15141745263,41593513
2025-05-20T15:44:18Z,pagopa/io-sign,success,2025-05-20T15:44:32Z,completed,15141986627,40651253
2025-05-20T15:44:51Z,pagopa/io-sign,success,2025-05-20T15:46:36Z,completed,15141998350,92098520
2025-05-28T07:58:13Z,pagopa/io-sign,success,2025-05-28T07:59:49Z,completed,15294718224,92098520
2025-05-26T15:34:46Z,pagopa/io-sign,success,2025-05-26T15:35:02Z,completed,15257616959,40651253
2025-05-28T07:58:16Z,pagopa/io-sign,success,2025-05-28T08:02:22Z,completed,15294719044,41593513
2025-05-08T14:20:15Z,pagopa/io-sign,success,2025-05-08T14:20:29Z,completed,14908776071,40651253
2025-05-21T10:18:47Z,pagopa/io-sign,cancelled,2025-05-21T10:19:39Z,completed,15159632960,103684674
2025-05-21T10:18:45Z,pagopa/io-sign,success,2025-05-21T10:20:47Z,completed,15159632647,103684674
2025-05-21T10:19:40Z,pagopa/io-sign,success,2025-05-21T10:23:10Z,completed,15159649276,103684674
2025-05-20T15:44:56Z,pagopa/io-sign,success,2025-05-20T15:45:13Z,completed,15142000111,40651253
2025-05-20T15:33:05Z,pagopa/io-sign,success,2025-05-20T15:33:38Z,completed,15141745242,40651253
2025-05-05T11:12:27Z,pagopa/io-sign,success,2025-05-05T11:14:14Z,completed,14835100587,92098520
2025-05-20T15:44:18Z,pagopa/io-sign,success,2025-05-20T15:46:53Z,completed,15141986635,41593513
2025-04-29T08:26:47Z,pagopa/io-sign,failure,2025-04-29T08:29:58Z,completed,14726764791,41593513
2025-04-29T08:26:47Z,pagopa/io-sign,success,2025-04-29T08:27:00Z,completed,14726764782,40651253
2025-05-16T04:54:14Z,pagopa/io-sign,success,2025-05-16T04:54:27Z,completed,15060935856,40651253
2025-05-06T08:52:11Z,pagopa/io-sign,success,2025-05-06T08:52:25Z,completed,14855543927,40651253
2025-05-05T08:42:58Z,pagopa/io-sign,failure,2025-05-05T08:46:02Z,completed,14832529802,41593513
2025-05-01T15:01:58Z,pagopa/io-sign,success,2025-05-01T15:03:33Z,completed,14777642534,92098520
2025-05-01T04:55:11Z,pagopa/io-sign,success,2025-05-01T04:55:25Z,completed,14770048102,40651253
2025-05-16T04:54:12Z,pagopa/io-sign,success,2025-05-16T04:55:54Z,completed,15060935596,92098520
2025-05-05T08:42:55Z,pagopa/io-sign,success,2025-05-05T08:44:40Z,completed,14832529269,92098520
2025-05-01T04:55:09Z,pagopa/io-sign,success,2025-05-01T04:56:32Z,completed,14770047877,92098520
2025-04-18T04:51:26Z,pagopa/io-sign,success,2025-04-18T04:51:37Z,completed,14529861909,40651253
2025-05-06T08:52:11Z,pagopa/io-sign,failure,2025-05-06T08:55:34Z,completed,14855543917,41593513
2025-04-18T04:51:26Z,pagopa/io-sign,success,2025-04-18T04:51:47Z,completed,14529861904,61707435
2025-05-20T15:31:45Z,pagopa/io-sign,success,2025-05-20T15:33:38Z,completed,15141718078,92098520
2025-05-05T11:06:27Z,pagopa/io-sign,failure,2025-05-05T11:09:28Z,completed,14834992662,41593513
2025-05-08T14:20:15Z,pagopa/io-sign,failure,2025-05-08T14:23:33Z,completed,14908776041,41593513
2025-04-18T04:51:24Z,pagopa/io-sign,success,2025-04-18T04:52:59Z,completed,14529861666,92098520
2025-04-18T04:51:26Z,pagopa/io-sign,success,2025-04-18T04:51:50Z,completed,14529861899,61707433
2025-04-29T08:26:44Z,pagopa/io-sign,success,2025-04-29T08:28:40Z,completed,14726763759,92098520
2025-05-07T04:51:24Z,pagopa/io-sign,success,2025-05-07T04:51:49Z,completed,14875408704,61707435
2025-05-07T04:51:24Z,pagopa/io-sign,success,2025-05-07T04:51:46Z,completed,14875408695,61707437
2025-04-17T15:02:31Z,pagopa/io-sign,success,2025-04-17T15:03:56Z,completed,14518717715,92098520
2025-05-20T14:21:50Z,pagopa/io-sign,success,2025-05-20T14:24:48Z,completed,15140103933,103684674
2025-05-15T15:41:17Z,pagopa/io-sign,success,2025-05-15T15:45:00Z,completed,15049306106,103684674
2025-05-08T14:20:13Z,pagopa/io-sign,success,2025-05-08T14:21:47Z,completed,14908775278,92098520
2025-04-18T04:51:26Z,pagopa/io-sign,success,2025-04-18T04:51:49Z,completed,14529861911,61707437
2025-05-05T11:06:27Z,pagopa/io-sign,success,2025-05-05T11:06:44Z,completed,14834992653,40651253
2025-05-07T04:51:24Z,pagopa/io-sign,success,2025-05-07T04:51:38Z,completed,14875408701,40651253
2025-05-15T15:34:24Z,pagopa/io-sign,failure,2025-05-15T15:34:46Z,completed,15049154170,41593513
2025-05-05T11:06:24Z,pagopa/io-sign,success,2025-05-05T11:08:15Z,completed,14834991917,92098520
2025-05-20T14:21:50Z,pagopa/io-sign,success,2025-05-20T14:22:04Z,completed,15140103829,40651253
2025-05-15T15:34:21Z,pagopa/io-sign,success,2025-05-15T15:36:03Z,completed,15049153109,92098520
2025-05-07T04:51:21Z,pagopa/io-sign,success,2025-05-07T04:52:51Z,completed,14875408271,92098520
2025-04-24T15:02:09Z,pagopa/io-sign,success,2025-04-24T15:03:59Z,completed,14644935542,92098520
2025-05-15T15:35:40Z,pagopa/io-sign,success,2025-05-15T15:35:55Z,completed,15049182861,40651253
2025-05-05T08:42:58Z,pagopa/io-sign,success,2025-05-05T08:43:11Z,completed,14832529804,40651253
2025-05-06T08:52:08Z,pagopa/io-sign,success,2025-05-06T08:53:58Z,completed,14855543179,92098520
2025-05-06T08:45:19Z,pagopa/io-sign,success,2025-05-06T08:47:07Z,completed,14855410627,92098520
2025-05-15T15:35:37Z,pagopa/io-sign,success,2025-05-15T15:37:21Z,completed,15049181662,92098520
2025-05-06T08:52:11Z,pagopa/io-sign,failure,2025-05-06T08:52:46Z,completed,14855544008,103684674
2025-05-15T15:30:37Z,pagopa/io-sign,success,2025-05-15T15:32:41Z,completed,15049063665,103684674
2025-05-15T15:34:24Z,pagopa/io-sign,success,2025-05-15T15:36:22Z,completed,15049154270,103684674
2025-05-15T15:34:24Z,pagopa/io-sign,success,2025-05-15T15:34:35Z,completed,15049154173,40651253
2025-05-20T14:21:50Z,pagopa/io-sign,success,2025-05-20T14:25:27Z,completed,15140103798,41593513
2025-05-06T07:34:05Z,pagopa/io-sign,success,2025-05-06T07:35:49Z,completed,14854138754,92098520
2025-05-05T11:12:29Z,pagopa/io-sign,success,2025-05-05T11:12:43Z,completed,14835101218,40651253
2025-05-15T15:35:40Z,pagopa/io-sign,success,2025-05-15T15:38:26Z,completed,15049182980,103684674
2025-05-07T04:51:24Z,pagopa/io-sign,success,2025-05-07T04:51:45Z,completed,14875408693,61707433
2025-05-15T15:40:53Z,pagopa/io-sign,success,2025-05-15T15:42:49Z,completed,15049298019,103684674
2025-05-06T08:45:21Z,pagopa/io-sign,success,2025-05-06T08:45:34Z,completed,14855411143,40651253
2025-05-05T11:12:29Z,pagopa/io-sign,failure,2025-05-05T11:15:35Z,completed,14835101179,41593513
2025-05-20T14:21:45Z,pagopa/io-sign,success,2025-05-20T14:23:35Z,completed,15140102005,92098520
2025-05-06T08:45:21Z,pagopa/io-sign,failure,2025-05-06T08:45:53Z,completed,14855411249,103684674
2025-05-15T15:35:40Z,pagopa/io-sign,success,2025-05-15T15:39:04Z,completed,15049182893,41593513
2025-05-19T14:35:23Z,pagopa/io-sign,success,2025-05-19T14:35:41Z,completed,15115852704,40651253
2025-05-19T14:22:15Z,pagopa/io-sign,success,2025-05-19T14:24:01Z,completed,15115543126,103684674
2025-05-19T14:22:13Z,pagopa/io-sign,success,2025-05-19T14:23:55Z,completed,15115542064,92098520
2025-05-06T08:45:21Z,pagopa/io-sign,failure,2025-05-06T08:48:39Z,completed,14855411137,41593513
2025-05-19T14:22:15Z,pagopa/io-sign,success,2025-05-19T14:22:31Z,completed,15115542954,40651253
2025-05-20T14:21:06Z,pagopa/io-sign,success,2025-05-20T14:22:58Z,completed,15140086344,103684674
2025-05-19T14:35:23Z,pagopa/io-sign,success,2025-05-19T14:38:02Z,completed,15115852702,41593513
2025-05-19T04:54:30Z,pagopa/io-sign,success,2025-05-19T04:54:42Z,completed,15104618917,40651253
2025-05-19T14:35:23Z,pagopa/io-sign,success,2025-05-19T14:37:41Z,completed,15115852812,103684674
2025-05-19T14:22:15Z,pagopa/io-sign,success,2025-05-19T14:24:44Z,completed,15115542949,41593513
2025-05-15T15:30:32Z,pagopa/io-sign,success,2025-05-15T15:32:20Z,completed,15049062277,92098520
2025-05-19T14:35:20Z,pagopa/io-sign,success,2025-05-19T14:37:09Z,completed,15115851516,92098520
2025-05-19T04:54:30Z,pagopa/io-sign,success,2025-05-19T04:58:42Z,completed,15104618912,41593513
2025-05-19T04:54:27Z,pagopa/io-sign,success,2025-05-19T04:56:14Z,completed,15104618284,92098520
2025-05-08T15:02:32Z,pagopa/io-sign,success,2025-05-08T15:04:08Z,completed,14909637187,92098520
2025-05-15T15:30:36Z,pagopa/io-sign,failure,2025-05-15T15:30:53Z,completed,15049063515,41593513
2025-05-15T15:02:25Z,pagopa/io-sign,success,2025-05-15T15:04:22Z,completed,15048412257,92098520
2025-05-15T15:30:36Z,pagopa/io-sign,success,2025-05-15T15:30:49Z,completed,15049063521,40651253
2025-03-25T15:49:08Z,pagopa/io-sign,failure,2025-03-25T15:52:17Z,completed,14064116112,72139886
2025-03-11T14:50:50Z,pagopa/io-sign,cancelled,2025-03-11T15:41:30Z,completed,13791058232,115510778
2025-04-07T04:50:44Z,pagopa/io-sign,success,2025-04-07T04:50:59Z,completed,14301077933,40651253
2025-04-01T04:50:58Z,pagopa/io-sign,success,2025-04-01T04:52:38Z,completed,14187471017,92098520
2025-02-28T05:50:04Z,pagopa/io-sign,success,2025-02-28T05:50:17Z,completed,13582199788,40651253
2025-04-14T04:52:28Z,pagopa/io-sign,success,2025-04-14T04:52:42Z,completed,14437738479,40651253
2025-03-26T12:15:20Z,pagopa/io-sign,success,2025-03-26T12:18:19Z,completed,14083011643,41593513
2025-04-10T15:02:28Z,pagopa/io-sign,success,2025-04-10T15:04:13Z,completed,14383794768,92098520
2025-03-11T10:00:33Z,pagopa/io-sign,success,2025-03-11T10:02:18Z,completed,13785240189,103684674
2025-03-25T15:38:44Z,pagopa/io-sign,success,2025-03-25T15:39:05Z,completed,14063882171,40651253
2025-04-07T04:50:43Z,pagopa/io-sign,success,2025-04-07T04:52:24Z,completed,14301077778,92098520
2025-04-14T04:52:28Z,pagopa/io-sign,success,2025-04-14T04:52:50Z,completed,14437738485,61707433
2025-04-14T04:52:26Z,pagopa/io-sign,success,2025-04-14T04:54:09Z,completed,14437738182,92098520
2025-03-26T11:08:46Z,pagopa/io-sign,success,2025-03-26T11:13:55Z,completed,14081797355,42089354
2025-03-11T10:00:33Z,pagopa/io-sign,success,2025-03-11T10:00:46Z,completed,13785240005,40651253
2025-03-27T15:17:21Z,pagopa/io-sign,success,2025-03-27T15:19:14Z,completed,14110225654,92098520
2025-03-11T14:50:50Z,pagopa/io-sign,success,2025-03-11T14:56:06Z,completed,13791058229,42089354
2025-04-03T15:01:50Z,pagopa/io-sign,success,2025-04-03T15:03:31Z,completed,14246266914,92098520
2025-03-25T15:38:44Z,pagopa/io-sign,success,2025-03-25T15:45:19Z,completed,14063882145,41593513
2025-03-27T04:51:05Z,pagopa/io-sign,success,2025-03-27T04:51:15Z,completed,14099120071,40651253
2025-04-02T13:45:05Z,pagopa/io-sign,success,2025-04-02T13:47:21Z,completed,14221217388,103684674
2025-04-14T04:52:01Z,pagopa/io-sign,success,2025-04-14T04:52:12Z,completed,14437733238,40651253
2025-03-11T14:50:49Z,pagopa/io-sign,success,2025-03-11T14:52:34Z,completed,13791057836,92098520
2025-03-26T12:15:20Z,pagopa/io-sign,success,2025-03-26T12:15:32Z,completed,14083011639,40651253
2025-03-26T10:19:01Z,pagopa/io-sign,cancelled,2025-03-26T10:25:34Z,completed,14080842423,72139886
2025-04-02T13:50:12Z,pagopa/io-sign,success,2025-04-02T13:52:04Z,completed,14221330543,92098520
2025-04-02T13:45:05Z,pagopa/io-sign,success,2025-04-02T13:45:20Z,completed,14221217270,40651253
2025-03-25T15:38:41Z,pagopa/io-sign,success,2025-03-25T15:40:34Z,completed,14063880977,92098520
2025-03-27T04:51:04Z,pagopa/io-sign,success,2025-03-27T04:52:49Z,completed,14099119573,92098520
2025-03-26T10:15:07Z,pagopa/io-sign,success,2025-03-26T10:18:13Z,completed,14080765303,41593513
2025-04-14T04:52:00Z,pagopa/io-sign,success,2025-04-14T04:53:49Z,completed,14437733072,92098520
2025-03-26T12:15:18Z,pagopa/io-sign,success,2025-03-26T12:16:59Z,completed,14083011036,92098520
2025-03-11T10:00:31Z,pagopa/io-sign,success,2025-03-11T10:02:18Z,completed,13785238960,92098520
2025-03-26T11:08:46Z,pagopa/io-sign,success,2025-03-26T11:13:04Z,completed,14081797344,41593513
2025-03-11T14:10:10Z,pagopa/io-sign,success,2025-03-11T14:13:13Z,completed,13790137678,103684674
2025-04-02T13:48:32Z,pagopa/io-sign,cancelled,2025-04-02T13:49:09Z,completed,14221292843,115510778
2025-04-02T13:45:02Z,pagopa/io-sign,success,2025-04-02T13:46:47Z,completed,14221216235,92098520
2025-03-25T15:21:23Z,pagopa/io-sign,failure,2025-03-25T15:21:49Z,completed,14063468022,72139886
2025-04-14T04:52:28Z,pagopa/io-sign,success,2025-04-14T04:52:52Z,completed,14437738486,61707435
2025-03-03T10:45:06Z,pagopa/io-sign,success,2025-03-03T10:45:31Z,completed,13629023346,61707433
2025-03-03T10:45:06Z,pagopa/io-sign,success,2025-03-03T10:45:27Z,completed,13629023352,61707437
2025-03-26T11:15:05Z,pagopa/io-sign,success,2025-03-26T11:22:35Z,completed,14081914592,72139886
2025-04-02T13:48:32Z,pagopa/io-sign,success,2025-04-02T13:50:14Z,completed,14221292817,42089354
2025-03-11T14:10:10Z,pagopa/io-sign,success,2025-03-11T14:10:25Z,completed,13790137644,40651253
2025-03-26T11:08:44Z,pagopa/io-sign,success,2025-03-26T11:10:46Z,completed,14081796753,92098520
2025-04-01T04:50:59Z,pagopa/io-sign,success,2025-04-01T04:51:11Z,completed,14187471514,40651253
2025-03-26T10:15:07Z,pagopa/io-sign,success,2025-03-26T10:15:30Z,completed,14080765299,40651253
2025-03-03T10:45:06Z,pagopa/io-sign,success,2025-03-03T10:45:17Z,completed,13629023339,40651253
2025-03-26T11:11:37Z,pagopa/io-sign,success,2025-03-26T11:13:21Z,completed,14081849380,92098520
2025-03-11T09:35:14Z,pagopa/io-sign,success,2025-03-11T09:38:08Z,completed,13784761163,103684674
2025-03-25T15:12:58Z,pagopa/io-sign,failure,2025-03-25T15:17:29Z,completed,14063266456,72139886
2025-04-02T13:48:31Z,pagopa/io-sign,success,2025-04-02T13:50:13Z,completed,14221292473,92098520
2025-03-18T04:51:24Z,pagopa/io-sign,success,2025-03-18T04:53:06Z,completed,13915664525,92098520
2025-03-11T14:10:09Z,pagopa/io-sign,success,2025-03-11T14:12:01Z,completed,13790137179,92098520
2025-03-26T10:15:05Z,pagopa/io-sign,success,2025-03-26T10:16:48Z,completed,14080764492,92098520
2025-03-11T09:35:14Z,pagopa/io-sign,success,2025-03-11T09:35:28Z,completed,13784761000,40651253
2025-03-26T11:09:02Z,pagopa/io-sign,success,2025-03-26T11:14:19Z,completed,14081801936,41593513
2025-03-26T10:25:42Z,pagopa/io-sign,success,2025-03-26T11:02:29Z,completed,14080978138,72139886
2025-03-03T10:45:06Z,pagopa/io-sign,success,2025-03-03T10:47:11Z,completed,13629023332,61707435
2025-03-17T04:50:44Z,pagopa/io-sign,success,2025-03-17T04:50:55Z,completed,13891813330,40651253
2025-03-24T04:50:00Z,pagopa/io-sign,success,2025-03-24T04:50:10Z,completed,14027503715,40651253
2025-03-24T04:49:57Z,pagopa/io-sign,success,2025-03-24T04:51:47Z,completed,14027503006,92098520
2025-03-11T09:35:10Z,pagopa/io-sign,success,2025-03-11T09:37:02Z,completed,13784759410,92098520
2025-03-03T05:51:00Z,pagopa/io-sign,success,2025-03-03T05:51:11Z,completed,13624340728,40651253
2025-03-26T11:09:02Z,pagopa/io-sign,success,2025-03-26T11:09:17Z,completed,14081801924,40651253
2025-03-03T05:50:58Z,pagopa/io-sign,success,2025-03-03T05:52:44Z,completed,13624340403,92098520
2025-03-11T10:14:38Z,pagopa/io-sign,success,2025-03-11T10:14:49Z,completed,13785527128,40651253
2025-03-10T05:46:12Z,pagopa/io-sign,success,2025-03-10T05:47:57Z,completed,13757749475,92098520
2025-03-25T11:34:59Z,pagopa/io-sign,success,2025-03-25T11:41:21Z,completed,14058612677,41593513
2025-03-17T04:50:42Z,pagopa/io-sign,success,2025-03-17T04:52:23Z,completed,13891812992,92098520
2025-03-11T10:13:51Z,pagopa/io-sign,success,2025-03-11T10:15:59Z,completed,13785512663,103684674
2025-03-06T15:09:20Z,pagopa/io-sign,success,2025-03-06T15:11:02Z,completed,13701817335,92098520
2025-03-26T11:09:01Z,pagopa/io-sign,success,2025-03-26T11:10:44Z,completed,14081801792,92098520
2025-03-20T15:24:38Z,pagopa/io-sign,success,2025-03-20T15:26:18Z,completed,13973045767,92098520
2025-03-03T10:45:03Z,pagopa/io-sign,success,2025-03-03T10:46:47Z,completed,13629022389,92098520
2025-03-10T05:46:14Z,pagopa/io-sign,success,2025-03-10T05:46:29Z,completed,13757749785,40651253
2025-03-11T14:08:26Z,pagopa/io-sign,success,2025-03-11T14:11:27Z,completed,13790099554,103684674
2025-03-11T10:13:51Z,pagopa/io-sign,success,2025-03-11T10:14:06Z,completed,13785512582,40651253
2025-03-11T15:48:48Z,pagopa/io-sign,success,2025-03-11T15:50:30Z,completed,13792361218,92098520
2025-03-11T10:14:35Z,pagopa/io-sign,success,2025-03-11T10:16:29Z,completed,13785526238,92098520
2025-03-13T15:15:43Z,pagopa/io-sign,success,2025-03-13T15:17:33Z,completed,13838127673,92098520
2025-03-12T04:53:03Z,pagopa/io-sign,success,2025-03-12T04:54:54Z,completed,13803970769,92098520
2025-03-25T11:34:59Z,pagopa/io-sign,success,2025-03-25T11:35:13Z,completed,14058612661,40651253
2025-03-11T10:13:49Z,pagopa/io-sign,success,2025-03-11T10:15:41Z,completed,13785511733,92098520
2025-03-11T15:48:49Z,pagopa/io-sign,success,2025-03-11T15:57:05Z,completed,13792361543,115510778
2025-03-12T04:53:06Z,pagopa/io-sign,success,2025-03-12T04:53:16Z,completed,13803971351,40651253
2025-03-25T04:50:39Z,pagopa/io-sign,success,2025-03-25T04:52:23Z,completed,14051921567,92098520
2025-03-11T15:48:49Z,pagopa/io-sign,success,2025-03-11T15:50:31Z,completed,13792361532,42089354
2025-03-11T15:41:07Z,pagopa/io-sign,success,2025-03-11T15:43:51Z,completed,13792193890,103684674
2025-03-19T04:49:44Z,pagopa/io-sign,success,2025-03-19T04:49:56Z,completed,13939119223,40651253
2025-03-11T15:41:06Z,pagopa/io-sign,success,2025-03-11T15:41:20Z,completed,13792193769,40651253
2025-03-25T04:50:41Z,pagopa/io-sign,success,2025-03-25T04:50:50Z,completed,14051922073,40651253
2025-03-11T14:08:26Z,pagopa/io-sign,success,2025-03-11T14:08:52Z,completed,13790099523,40651253
2025-03-11T15:41:17Z,pagopa/io-sign,success,2025-03-11T15:46:01Z,completed,13792197573,103684674
2025-03-11T14:08:25Z,pagopa/io-sign,success,2025-03-11T14:10:17Z,completed,13790099079,92098520
2025-03-25T11:34:55Z,pagopa/io-sign,success,2025-03-25T11:36:35Z,completed,14058611466,92098520
2025-03-19T04:49:42Z,pagopa/io-sign,success,2025-03-19T04:51:39Z,completed,13939118631,92098520
2025-03-18T04:51:26Z,pagopa/io-sign,success,2025-03-18T04:51:40Z,completed,13915664887,40651253
2025-03-11T10:14:38Z,pagopa/io-sign,success,2025-03-11T10:17:43Z,completed,13785527235,103684674
2025-03-11T15:41:03Z,pagopa/io-sign,success,2025-03-11T15:42:46Z,completed,13792192689,92098520
2025-02-18T05:56:09Z,pagopa/io-sign,success,2025-02-18T05:57:50Z,completed,13384196434,92098520
2025-02-20T05:46:37Z,pagopa/io-sign,success,2025-02-20T05:48:21Z,completed,13428773324,92098520
2025-02-28T05:50:04Z,pagopa/io-sign,success,2025-02-28T05:50:31Z,completed,13582199785,61707437
2025-02-19T05:48:38Z,pagopa/io-sign,success,2025-02-19T05:49:00Z,completed,13406265620,61707437
2024-11-22T05:59:02Z,pagopa/io-sign,success,2024-11-22T05:59:22Z,completed,11967317155,61707437
2025-02-27T15:09:50Z,pagopa/io-sign,success,2025-02-27T15:11:31Z,completed,13569555908,92098520
2025-02-19T05:48:37Z,pagopa/io-sign,success,2025-02-19T05:50:22Z,completed,13406265452,92098520
2024-12-04T13:37:18Z,pagopa/io-sign,success,2024-12-04T13:39:12Z,completed,12160907137,92098520
2024-12-12T15:07:31Z,pagopa/io-sign,success,2024-12-12T15:09:45Z,completed,12299172956,92098520
2024-11-25T05:55:44Z,pagopa/io-sign,success,2024-11-25T05:55:55Z,completed,12004151995,40651253
2025-02-05T05:58:12Z,pagopa/io-sign,success,2025-02-05T05:58:27Z,completed,13151187458,40651253
2025-02-20T15:09:07Z,pagopa/io-sign,success,2025-02-20T15:10:50Z,completed,13438389769,92098520
2025-02-19T05:48:38Z,pagopa/io-sign,success,2025-02-19T05:48:54Z,completed,13406265619,40651253
2025-02-19T05:48:38Z,pagopa/io-sign,success,2025-02-19T05:49:01Z,completed,13406265622,61707435
2025-01-20T05:59:50Z,pagopa/io-sign,success,2025-01-20T06:01:24Z,completed,12861937439,92098520
2024-11-22T11:08:32Z,pagopa/io-sign,success,2024-11-22T11:10:04Z,completed,11971444078,92098520
2025-02-18T05:56:11Z,pagopa/io-sign,success,2025-02-18T05:56:23Z,completed,13384196767,40651253
2025-02-28T05:50:04Z,pagopa/io-sign,success,2025-02-28T05:50:27Z,completed,13582199774,61707433
2025-02-17T05:56:09Z,pagopa/io-sign,success,2025-02-17T05:56:19Z,completed,13363837251,40651253
2025-02-20T05:46:40Z,pagopa/io-sign,success,2025-02-20T05:46:55Z,completed,13428773729,40651253
2025-02-19T05:48:38Z,pagopa/io-sign,success,2025-02-19T05:48:58Z,completed,13406265621,61707433
2024-11-22T05:59:06Z,pagopa/io-sign,success,2024-11-22T06:00:28Z,completed,11967317719,92098520
2024-12-09T05:57:01Z,pagopa/io-sign,success,2024-12-09T05:57:12Z,completed,12229830551,40651253
2025-01-16T15:07:12Z,pagopa/io-sign,success,2025-01-16T15:08:55Z,completed,12811730960,92098520
2024-12-02T06:00:10Z,pagopa/io-sign,success,2024-12-02T06:00:21Z,completed,12113567854,40651253
2025-02-05T05:58:11Z,pagopa/io-sign,success,2025-02-05T05:59:49Z,completed,13151187229,92098520
2025-02-28T05:50:04Z,pagopa/io-sign,success,2025-02-28T05:50:28Z,completed,13582199786,61707435
2024-11-28T15:07:11Z,pagopa/io-sign,success,2024-11-28T15:08:44Z,completed,12071416242,92098520
2025-02-28T05:50:01Z,pagopa/io-sign,success,2025-02-28T05:51:55Z,completed,13582199401,92098520
2025-02-17T05:56:06Z,pagopa/io-sign,success,2025-02-17T05:57:54Z,completed,13363836874,92098520
2024-11-22T05:59:02Z,pagopa/io-sign,success,2024-11-22T05:59:14Z,completed,11967317157,40651253
2024-11-22T05:59:02Z,pagopa/io-sign,success,2024-11-22T05:59:23Z,completed,11967317158,61707435
2024-11-22T05:59:02Z,pagopa/io-sign,success,2024-11-22T05:59:30Z,completed,11967317156,61707433
2025-01-15T05:54:19Z,pagopa/io-sign,success,2025-01-15T05:54:34Z,completed,12782391475,40651253
2024-11-25T05:55:47Z,pagopa/io-sign,success,2024-11-25T05:57:17Z,completed,12004152327,92098520
2024-12-09T05:56:59Z,pagopa/io-sign,success,2024-12-09T05:58:40Z,completed,12229830319,92098520
2025-01-06T05:53:51Z,pagopa/io-sign,success,2025-01-06T05:54:02Z,completed,12627342447,40651253
2025-02-05T05:57:55Z,pagopa/io-sign,success,2025-02-05T05:58:05Z,completed,13151184209,40651253
2024-12-23T05:54:42Z,pagopa/io-sign,success,2024-12-23T05:56:09Z,completed,12462032620,92098520
2024-12-02T06:00:08Z,pagopa/io-sign,success,2024-12-02T06:01:28Z,completed,12113567473,92098520
2025-02-13T15:08:32Z,pagopa/io-sign,success,2025-02-13T15:10:11Z,completed,13310751273,92098520
2024-12-06T05:58:29Z,pagopa/io-sign,success,2024-12-06T05:58:53Z,completed,12193793391,61707435
2025-01-27T05:58:53Z,pagopa/io-sign,success,2025-01-27T05:59:07Z,completed,12982932059,40651253
2025-01-22T06:00:30Z,pagopa/io-sign,success,2025-01-22T06:00:45Z,completed,12902176851,40651253
2024-12-20T05:55:54Z,pagopa/io-sign,success,2024-12-20T06:04:26Z,completed,12426356298,41593513
2024-12-06T05:58:27Z,pagopa/io-sign,success,2024-12-06T06:00:10Z,completed,12193793200,92098520
2024-12-06T05:58:29Z,pagopa/io-sign,success,2024-12-06T05:58:39Z,completed,12193793395,40651253
2025-01-06T05:53:49Z,pagopa/io-sign,success,2025-01-06T05:55:14Z,completed,12627342171,92098520
2025-01-15T05:54:17Z,pagopa/io-sign,success,2025-01-15T05:55:59Z,completed,12782391151,92098520
2025-02-11T05:56:46Z,pagopa/io-sign,success,2025-02-11T05:56:58Z,completed,13256766048,40651253
2024-12-06T05:58:29Z,pagopa/io-sign,success,2024-12-06T05:58:49Z,completed,12193793394,61707433
2025-01-27T05:58:51Z,pagopa/io-sign,success,2025-01-27T06:00:39Z,completed,12982931851,92098520
2025-01-22T06:00:28Z,pagopa/io-sign,success,2025-01-22T06:02:06Z,completed,12902176378,92098520
2024-12-06T05:58:29Z,pagopa/io-sign,success,2024-12-06T05:58:49Z,completed,12193793397,61707437
2025-02-11T05:56:43Z,pagopa/io-sign,success,2025-02-11T05:58:30Z,completed,13256765719,92098520
2025-02-03T05:55:03Z,pagopa/io-sign,success,2025-02-03T05:56:44Z,completed,13107288674,92098520
2025-02-05T05:57:52Z,pagopa/io-sign,success,2025-02-05T05:59:32Z,completed,13151183916,92098520
2025-01-23T15:05:39Z,pagopa/io-sign,success,2025-01-23T15:07:02Z,completed,12932041601,92098520
2024-12-20T05:55:54Z,pagopa/io-sign,success,2024-12-20T05:56:09Z,completed,12426356295,40651253
2025-01-08T05:56:15Z,pagopa/io-sign,success,2025-01-08T05:56:26Z,completed,12664927255,40651253
2025-01-08T05:56:12Z,pagopa/io-sign,success,2025-01-08T05:57:32Z,completed,12664926870,92098520
2025-01-21T05:58:14Z,pagopa/io-sign,success,2025-01-21T05:58:27Z,completed,12880997068,40651253
2025-01-22T06:00:54Z,pagopa/io-sign,success,2025-01-22T06:01:04Z,completed,12902182535,40651253
2025-02-04T05:55:26Z,pagopa/io-sign,success,2025-02-04T05:55:38Z,completed,13129269789,40651253
2025-02-10T05:56:50Z,pagopa/io-sign,success,2025-02-10T05:57:03Z,completed,13234501146,40651253
2024-12-20T05:55:51Z,pagopa/io-sign,success,2024-12-20T05:57:10Z,completed,12426356096,92098520
2025-01-22T06:00:52Z,pagopa/io-sign,success,2025-01-22T06:02:20Z,completed,12902182233,92098520
2024-12-05T15:07:26Z,pagopa/io-sign,success,2024-12-05T15:09:14Z,completed,12182497214,92098520
2025-01-30T15:07:52Z,pagopa/io-sign,success,2025-01-30T15:09:51Z,completed,13055153519,92098520
2025-01-14T05:58:26Z,pagopa/io-sign,success,2025-01-14T05:58:36Z,completed,12761970879,40651253
2025-01-07T05:53:48Z,pagopa/io-sign,success,2025-01-07T05:54:02Z,completed,12646014423,40651253
2025-01-14T05:58:23Z,pagopa/io-sign,success,2025-01-14T06:00:04Z,completed,12761970476,92098520
2025-01-21T05:58:12Z,pagopa/io-sign,success,2025-01-21T05:59:47Z,completed,12880996857,92098520
2025-02-10T05:56:48Z,pagopa/io-sign,success,2025-02-10T05:58:37Z,completed,13234500815,92098520
2025-02-04T05:55:24Z,pagopa/io-sign,success,2025-02-04T05:57:03Z,completed,13129269556,92098520
2024-12-19T15:07:46Z,pagopa/io-sign,success,2024-12-19T15:09:12Z,completed,12415355515,92098520
2025-01-07T05:53:46Z,pagopa/io-sign,success,2025-01-07T05:55:07Z,completed,12646014184,92098520
2024-12-04T13:37:21Z,pagopa/io-sign,failure,2024-12-04T13:38:11Z,completed,12160907807,103684674
2025-01-02T15:06:54Z,pagopa/io-sign,success,2025-01-02T15:08:12Z,completed,12584437082,92098520
2024-12-26T15:06:38Z,pagopa/io-sign,success,2024-12-26T15:07:59Z,completed,12505334781,92098520
2025-01-09T15:08:50Z,pagopa/io-sign,success,2025-01-09T15:10:10Z,completed,12692688956,92098520
2025-01-29T05:55:18Z,pagopa/io-sign,success,2025-01-29T05:55:27Z,completed,13025457133,40651253
2025-02-06T15:08:06Z,pagopa/io-sign,success,2025-02-06T15:09:48Z,completed,13181780613,92098520
2025-02-05T14:30:33Z,pagopa/io-sign,failure,2025-02-05T14:31:13Z,completed,13159645372,40651253
2025-02-03T05:55:05Z,pagopa/io-sign,success,2025-02-03T05:55:16Z,completed,13107289003,40651253
2024-12-04T13:37:20Z,pagopa/io-sign,success,2024-12-04T13:37:31Z,completed,12160907699,40651253
2025-02-05T14:32:15Z,pagopa/io-sign,success,2025-02-05T14:38:37Z,completed,13159680381,41593513
2025-01-20T05:59:52Z,pagopa/io-sign,success,2025-01-20T06:00:06Z,completed,12861937878,40651253
2025-02-05T14:32:15Z,pagopa/io-sign,success,2025-02-05T14:34:50Z,completed,13159680359,42089354
2025-02-06T05:58:55Z,pagopa/io-sign,success,2025-02-06T05:59:06Z,completed,13172760245,40651253
2025-01-29T05:55:15Z,pagopa/io-sign,success,2025-01-29T05:57:02Z,completed,13025456815,92098520
2024-12-23T05:54:44Z,pagopa/io-sign,success,2024-12-23T05:54:55Z,completed,12462032874,40651253
2025-02-05T14:32:14Z,pagopa/io-sign,success,2025-02-05T14:35:10Z,completed,13159680133,92098520
2025-02-06T05:58:53Z,pagopa/io-sign,success,2025-02-06T06:00:50Z,completed,13172759974,92098520
2025-02-05T14:10:53Z,pagopa/io-sign,success,2025-02-05T14:19:28Z,completed,13159242968,41593513
2025-02-05T14:12:51Z,pagopa/io-sign,success,2025-02-05T14:13:09Z,completed,13159281557,40651253
2025-02-05T14:30:33Z,pagopa/io-sign,success,2025-02-05T14:34:55Z,completed,13159645367,41593513
2025-02-05T14:10:53Z,pagopa/io-sign,failure,2025-02-05T14:11:11Z,completed,13159242967,40651253
2025-02-05T14:18:26Z,pagopa/io-sign,success,2025-02-05T14:23:33Z,completed,13159393357,42089354
2025-02-05T14:18:25Z,pagopa/io-sign,success,2025-02-05T14:20:37Z,completed,13159393216,92098520
2024-11-18T06:06:07Z,pagopa/io-sign,success,2024-11-18T06:06:20Z,completed,11886752112,40651253
2024-11-18T14:37:02Z,pagopa/io-sign,success,2024-11-18T14:41:55Z,completed,11894694616,42089354
2024-11-14T05:59:40Z,pagopa/io-sign,success,2024-11-14T06:01:28Z,completed,11831598581,92098520
2024-10-07T07:21:30Z,pagopa/io-sign,success,2025-11-11T07:43:51Z,completed,11210599257,92098520
2024-11-18T14:37:02Z,pagopa/io-sign,success,2024-11-18T14:40:06Z,completed,11894694537,92098520
2024-11-14T05:59:36Z,pagopa/io-sign,success,2024-11-14T05:59:49Z,completed,11831597791,40651253
2024-11-12T06:00:43Z,pagopa/io-sign,success,2024-11-12T06:02:26Z,completed,11791604687,92098520
2024-11-15T15:20:31Z,pagopa/io-sign,success,2024-11-15T15:21:56Z,completed,11858839136,92098520
2024-11-18T14:21:25Z,pagopa/io-sign,success,2024-11-18T14:23:34Z,completed,11894408555,103684674
2024-11-19T06:01:51Z,pagopa/io-sign,success,2024-11-19T06:03:16Z,completed,11907181657,92098520
2024-11-12T06:00:41Z,pagopa/io-sign,success,2024-11-12T06:00:56Z,completed,11791604065,40651253
2024-11-18T06:06:09Z,pagopa/io-sign,success,2024-11-18T06:07:39Z,completed,11886752562,92098520
2024-11-14T15:07:23Z,pagopa/io-sign,success,2024-11-14T15:09:11Z,completed,11839930546,92098520
2024-10-31T15:06:18Z,pagopa/io-sign,success,2024-10-31T15:08:05Z,completed,11614534497,92098520
2024-11-15T15:20:27Z,pagopa/io-sign,cancelled,2024-11-18T14:18:28Z,completed,11858838291,103684674
2024-11-15T15:20:27Z,pagopa/io-sign,success,2024-11-15T15:20:40Z,completed,11858838265,40651253
2024-11-19T06:01:49Z,pagopa/io-sign,success,2024-11-19T06:02:04Z,completed,11907181234,40651253
2024-11-18T14:37:02Z,pagopa/io-sign,failure,2024-12-18T14:39:41Z,completed,11894694642,115510778
2024-10-30T05:59:30Z,pagopa/io-sign,cancelled,2024-10-30T07:28:40Z,completed,11587854787,92098520
2024-10-17T06:03:05Z,pagopa/io-sign,success,2024-10-17T06:03:17Z,completed,11379264841,40651253
2024-10-23T05:59:05Z,pagopa/io-sign,success,2024-10-23T06:01:07Z,completed,11473953674,92098520
2024-11-11T06:00:40Z,pagopa/io-sign,success,2024-11-11T06:02:22Z,completed,11773024187,92098520
2024-10-28T06:03:39Z,pagopa/io-sign,success,2024-10-28T06:05:26Z,completed,11548283022,92098520
2024-10-28T06:03:54Z,pagopa/io-sign,success,2024-10-28T06:04:14Z,completed,11548286079,61707433
2024-10-07T07:54:31Z,pagopa/io-sign,success,2025-11-11T08:49:40Z,completed,11211079392,42089354
2024-10-07T07:54:31Z,pagopa/io-sign,success,2025-11-11T08:49:37Z,completed,11211079214,92098520
2024-10-23T05:59:05Z,pagopa/io-sign,success,2024-10-23T05:59:16Z,completed,11473953599,40651253
2024-10-15T05:59:22Z,pagopa/io-sign,success,2024-10-15T05:59:37Z,completed,11340150119,40651253
2024-10-16T06:01:04Z,pagopa/io-sign,success,2024-10-16T06:01:20Z,completed,11359811557,40651253
2024-10-28T06:03:36Z,pagopa/io-sign,success,2024-10-28T06:03:47Z,completed,11548282125,40651253
2024-11-11T06:00:37Z,pagopa/io-sign,success,2024-11-11T06:00:52Z,completed,11773023723,40651253
2024-10-28T06:03:54Z,pagopa/io-sign,success,2024-10-28T06:04:21Z,completed,11548286075,61707437
2024-10-30T05:59:27Z,pagopa/io-sign,cancelled,2024-10-30T07:11:56Z,completed,11587854563,40651253
2024-10-10T15:06:20Z,pagopa/io-sign,success,2024-10-10T15:08:21Z,completed,11276804379,92098520
2024-10-07T07:37:37Z,pagopa/io-sign,success,2025-11-11T08:13:46Z,completed,11210837535,103684674
2024-10-07T07:37:37Z,pagopa/io-sign,success,2025-11-11T08:13:49Z,completed,11210837516,92098520
2024-10-16T06:01:04Z,pagopa/io-sign,success,2024-10-16T06:09:23Z,completed,11359811554,41593513
2024-10-16T06:01:05Z,pagopa/io-sign,success,2024-10-16T06:02:52Z,completed,11359811934,92098520
2024-10-24T15:06:29Z,pagopa/io-sign,success,2024-10-24T15:08:16Z,completed,11502122850,92098520
2024-11-08T16:28:00Z,pagopa/io-sign,failure,2024-11-08T17:51:38Z,completed,11745831139,103684674
2024-10-08T06:02:37Z,pagopa/io-sign,success,2024-10-08T06:02:52Z,completed,11229503271,40651253
2024-10-07T07:54:32Z,pagopa/io-sign,success,2025-11-11T09:19:33Z,completed,11211079434,115510778
2024-10-28T06:03:58Z,pagopa/io-sign,success,2024-10-28T06:05:46Z,completed,11548286924,92098520
2024-10-07T07:37:37Z,pagopa/io-sign,success,2025-11-11T08:14:08Z,completed,11210837509,40651253
2024-10-08T06:02:37Z,pagopa/io-sign,success,2024-10-08T06:04:24Z,completed,11229503438,92098520
2024-11-06T17:24:30Z,pagopa/io-sign,failure,2024-11-06T23:24:55Z,completed,11708707772,103684674
2024-11-07T09:40:41Z,pagopa/io-sign,failure,2024-11-07T10:31:40Z,completed,11720385974,103684674
2024-10-22T12:41:18Z,pagopa/io-sign,success,2024-10-22T12:46:12Z,completed,11460388882,42089354
2024-10-21T13:52:35Z,pagopa/io-sign,success,2024-10-21T13:54:36Z,completed,11441655027,103684674
2024-10-07T07:53:43Z,pagopa/io-sign,success,2025-11-11T08:49:39Z,completed,11211068629,103684674
2024-11-07T09:40:44Z,pagopa/io-sign,success,2024-11-07T09:42:10Z,completed,11720386487,92098520
2024-10-15T05:59:23Z,pagopa/io-sign,success,2024-10-15T06:01:05Z,completed,11340150592,92098520
2024-10-07T07:21:31Z,pagopa/io-sign,failure,2025-11-11T07:55:35Z,completed,11210599466,115510778
2024-10-28T06:03:54Z,pagopa/io-sign,success,2024-10-28T06:04:20Z,completed,11548286084,61707435
2024-11-07T14:21:49Z,pagopa/io-sign,success,2024-11-07T14:22:03Z,completed,11724889399,40651253
2024-10-21T13:52:35Z,pagopa/io-sign,success,2024-10-21T13:52:49Z,completed,11441654991,40651253
2024-10-22T12:41:19Z,pagopa/io-sign,failure,2024-10-22T12:44:55Z,completed,11460388945,115510778
2024-10-22T12:41:17Z,pagopa/io-sign,success,2024-10-22T12:42:42Z,completed,11460388586,92098520
2024-11-07T11:24:52Z,pagopa/io-sign,success,2024-11-07T11:26:16Z,completed,11722024336,92098520
2024-11-06T17:24:30Z,pagopa/io-sign,success,2024-11-06T17:24:41Z,completed,11708707715,40651253
2024-10-07T07:53:43Z,pagopa/io-sign,success,2025-11-11T08:49:40Z,completed,11211068584,40651253
2024-11-07T09:40:41Z,pagopa/io-sign,success,2024-11-07T09:41:00Z,completed,11720385929,40651253
2024-10-28T06:03:54Z,pagopa/io-sign,success,2024-10-28T06:04:06Z,completed,11548286080,40651253
2024-10-07T07:21:31Z,pagopa/io-sign,success,2025-11-11T07:49:39Z,completed,11210599406,42089354
2024-11-08T14:28:47Z,pagopa/io-sign,cancelled,2024-11-08T16:28:04Z,completed,11743971519,103684674
2024-10-21T13:52:34Z,pagopa/io-sign,success,2024-10-21T13:53:57Z,completed,11441654769,92098520
2024-11-06T15:08:30Z,pagopa/io-sign,success,2024-11-06T15:09:53Z,completed,11706314978,92098520
2024-10-17T15:06:27Z,pagopa/io-sign,success,2024-10-17T15:08:18Z,completed,11387749872,92098520
2024-10-07T07:53:42Z,pagopa/io-sign,success,2025-11-11T08:49:37Z,completed,11211068492,92098520
2024-10-07T07:51:27Z,pagopa/io-sign,success,2025-11-11T08:43:43Z,completed,11211035156,103684674
2024-11-07T15:06:35Z,pagopa/io-sign,success,2024-11-07T15:08:20Z,completed,11725698971,92098520
2024-10-17T06:03:05Z,pagopa/io-sign,success,2024-10-17T06:05:00Z,completed,11379264849,92098520
2024-11-07T06:02:35Z,pagopa/io-sign,success,2024-11-07T06:03:58Z,completed,11717494871,92098520
2024-11-08T11:00:24Z,pagopa/io-sign,success,2024-11-08T11:00:42Z,completed,11740872815,40651253
2024-11-06T15:08:29Z,pagopa/io-sign,cancelled,2024-11-06T16:19:19Z,completed,11706314510,103684674
2024-11-07T11:24:50Z,pagopa/io-sign,cancelled,2024-11-07T13:41:29Z,completed,11722023638,103684674
2024-11-06T17:27:21Z,pagopa/io-sign,success,2024-11-06T17:28:55Z,completed,11708754375,92098520
2024-11-07T14:21:52Z,pagopa/io-sign,success,2024-11-07T14:23:22Z,completed,11724890037,92098520
2024-11-08T11:00:26Z,pagopa/io-sign,success,2024-11-08T11:01:54Z,completed,11740873320,92098520
2024-11-06T15:08:28Z,pagopa/io-sign,success,2024-11-06T15:08:45Z,completed,11706314463,40651253
2024-11-07T11:24:50Z,pagopa/io-sign,success,2024-11-07T11:25:02Z,completed,11722023588,40651253
2024-11-06T17:27:19Z,pagopa/io-sign,success,2024-11-06T17:27:31Z,completed,11708753560,40651253
2024-11-06T17:24:32Z,pagopa/io-sign,success,2024-11-06T17:26:01Z,completed,11708708028,92098520
2024-11-08T11:00:24Z,pagopa/io-sign,failure,2024-11-08T17:00:53Z,completed,11740872871,103684674
2024-11-08T14:28:29Z,pagopa/io-sign,cancelled,2024-11-08T14:28:51Z,completed,11743966482,103684674
2024-11-07T14:21:49Z,pagopa/io-sign,success,2024-11-07T14:24:09Z,completed,11724889448,103684674
2024-11-07T11:17:24Z,pagopa/io-sign,success,2024-11-07T11:17:36Z,completed,11721911595,40651253
2024-11-06T17:27:19Z,pagopa/io-sign,failure,2024-11-07T00:15:46Z,completed,11708753596,103684674
2024-11-07T06:02:33Z,pagopa/io-sign,success,2024-11-07T06:02:49Z,completed,11717494600,40651253
2024-11-07T09:42:46Z,pagopa/io-sign,success,2024-11-07T09:44:12Z,completed,11720416318,92098520
2024-11-05T05:58:40Z,pagopa/io-sign,success,2024-11-05T06:00:28Z,completed,11678428022,92098520
2024-11-04T11:20:13Z,pagopa/io-sign,success,2024-11-04T11:21:58Z,completed,11663194217,92098520
2024-11-07T11:17:26Z,pagopa/io-sign,success,2024-11-07T11:18:53Z,completed,11721912027,92098520
2024-11-05T05:58:38Z,pagopa/io-sign,success,2024-11-05T05:58:48Z,completed,11678427832,40651253
2024-11-04T11:20:11Z,pagopa/io-sign,success,2024-11-04T11:20:23Z,completed,11663193632,40651253
2024-11-07T06:02:33Z,pagopa/io-sign,success,2024-11-07T06:10:50Z,completed,11717494548,41593513
2024-11-07T09:42:44Z,pagopa/io-sign,success,2024-11-07T09:42:56Z,completed,11720415655,40651253
2024-11-04T11:20:11Z,pagopa/io-sign,failure,2024-11-04T11:22:08Z,completed,11663193696,103684674
2024-11-07T09:42:44Z,pagopa/io-sign,failure,2024-11-07T11:22:23Z,completed,11720415672,103684674
2024-11-07T11:17:24Z,pagopa/io-sign,failure,2024-11-07T12:13:26Z,completed,11721911632,103684674
2024-10-02T09:52:41Z,pagopa/io-sign,success,2025-11-07T03:34:49Z,completed,11141659410,92098520
2024-09-30T06:03:11Z,pagopa/io-sign,success,2025-11-04T06:08:46Z,completed,11100314178,92098520
2024-09-30T06:02:56Z,pagopa/io-sign,success,2025-11-04T06:08:49Z,completed,11100311792,92098520
2024-09-30T06:03:11Z,pagopa/io-sign,success,2025-11-04T06:09:04Z,completed,11100314094,61707437
2024-10-02T05:59:46Z,pagopa/io-sign,success,2025-11-06T23:34:45Z,completed,11138615384,92098520
2024-10-02T09:52:40Z,pagopa/io-sign,success,2025-11-07T03:34:50Z,completed,11141659016,103684674
2024-10-02T05:59:46Z,pagopa/io-sign,success,2025-11-06T23:35:06Z,completed,11138615366,40651253
2024-10-02T09:53:32Z,pagopa/io-sign,success,2025-11-07T03:40:43Z,completed,11141670359,103684674
2024-09-30T06:03:11Z,pagopa/io-sign,success,2025-11-04T06:09:04Z,completed,11100314100,61707433
2024-10-03T06:05:44Z,pagopa/io-sign,success,2025-11-08T02:55:47Z,completed,11156763536,92098520
2024-09-24T15:25:19Z,pagopa/io-sign,success,2025-10-30T06:02:05Z,completed,11016953530,40651253
2024-09-30T06:03:11Z,pagopa/io-sign,success,2025-11-04T06:09:04Z,completed,11100314099,61707435
2024-09-03T09:08:56Z,pagopa/io-sign,failure,2025-11-08T04:55:28Z,completed,10679963039,54067726
2024-09-24T15:44:00Z,pagopa/io-sign,success,2025-10-30T06:37:41Z,completed,11017277662,92098520
2024-09-30T06:03:11Z,pagopa/io-sign,success,2025-11-04T06:09:04Z,completed,11100314097,40651253
2024-09-25T05:59:43Z,pagopa/io-sign,success,2025-10-31T00:11:05Z,completed,11027183162,40651253
2024-09-26T15:06:29Z,pagopa/io-sign,success,2025-11-01T11:50:47Z,completed,11055045532,92098520
2024-09-24T15:25:20Z,pagopa/io-sign,success,2025-10-30T06:07:47Z,completed,11016953764,92098520
2024-09-24T15:44:02Z,pagopa/io-sign,cancelled,2025-10-30T06:31:55Z,completed,11017277985,115510778
2024-10-02T09:52:40Z,pagopa/io-sign,success,2025-11-07T03:35:10Z,completed,11141658968,40651253
2024-09-24T15:25:19Z,pagopa/io-sign,success,2025-10-30T06:07:48Z,completed,11016953559,103684674
2024-10-03T06:05:43Z,pagopa/io-sign,success,2025-11-08T02:56:46Z,completed,11156763398,40651253
2024-09-25T05:59:43Z,pagopa/io-sign,success,2025-10-31T00:16:40Z,completed,11027183184,92098520
2024-09-24T15:44:01Z,pagopa/io-sign,cancelled,2025-10-30T06:31:52Z,completed,11017277917,42089354
2024-09-30T06:02:55Z,pagopa/io-sign,success,2025-11-04T06:09:26Z,completed,11100311590,40651253
2024-09-03T09:08:56Z,pagopa/io-sign,failure,2025-11-08T04:55:28Z,completed,10679963046,54067728
2024-09-03T09:08:56Z,pagopa/io-sign,failure,2025-11-08T04:55:29Z,completed,10679963122,115510778
2024-09-03T09:08:56Z,pagopa/io-sign,failure,2025-11-08T04:55:28Z,completed,10679963045,54067727
2024-10-03T17:31:20Z,pagopa/io-sign,success,2025-11-08T11:49:46Z,completed,11166775139,92098520
